original,canonical,original_type,type,status,reason
05Г2МФБ,05Г2МФБ,МАТЕРИАЛ,МАТЕРИАЛ,kept,
10Г2ФБ,10Г2ФБ,МАТЕРИАЛ,МАТЕРИАЛ,kept,
700 °C,700 °C,ТЕМПЕРАТУРА,ТЕМПЕРАТУРА,review,тип вне предметной области или конфликт типов; числовое значение вместо сущности; проверить марку материала
ASTM,ASTM,ТЕХНОЛОГИЧЕСКИЙ_ПРОЦЕСС,ТЕХНОЛОГИЧЕСКИЙ_ПРОЦЕСС,kept,
B-V-СТАЛЬ,B-V-СТАЛЬ,МАТЕРИАЛ,МАТЕРИАЛ,kept,
C-MN-MO-NB-V-СТАЛЬ,C-MN-MO-NB-V-СТАЛЬ,МАТЕРИАЛ,МАТЕРИАЛ,kept,
"NB(C,N)","NB(C,N)",СОЕДИНЕНИЕ,СОЕДИНЕНИЕ,kept,
O-NB-V-СТАЛЬ,O-NB-V-СТАЛЬ,МАТЕРИАЛ,МАТЕРИАЛ,kept,
TRIP-СТАЛИ,TRIP-СТАЛИ,МАТЕРИАЛ,МАТЕРИАЛ,kept,
«ПЕРЕСТАРЕНЫЕ» ЧАСТИЦЫ,«ПЕРЕСТАРЕНЫЕ» ЧАСТИЦЫ,МИКРОСТРУКТУРА,МИКРОСТРУКТУРА,kept,
АЗОТ,АЗОТ,ХИМИЧЕСКИЙ_ЭЛЕМЕНТ,ХИМИЧЕСКИЙ_ЭЛЕМЕНТ,kept,
АЗОТНАЯ КИСЛОТА,АЗОТНАЯ КИСЛОТА,СОЕДИНЕНИЕ,СОЕДИНЕНИЕ,kept,
АЛЛОТРОПИЧЕСКАЯ ФОРМА,АЛЛОТРОПИЧЕСКАЯ ФОРМА,МИКРОСТРУКТУРА,МИКРОСТРУКТУРА,kept,
АЛФА-ФАЗА,АЛФА-ФАЗА,МИКРОСТРУКТУРА,МИКРОСТРУКТУРА,kept,
АЛЬФА-ЖЕЛЕЗО,АЛЬФА-ЖЕЛЕЗО,МИКРОСТРУКТУРА,МИКРОСТРУКТУРА,kept,
АЛЬФА-ФАЗА,АЛЬФА-ФАЗА,МИКРОСТРУКТУРА,МИКРОСТРУКТУРА,kept,
АЛЮМИНИЙ,АЛЮМИНИЙ,ХИМИЧЕСКИЙ_ЭЛЕМЕНТ,ХИМИЧЕСКИЙ_ЭЛЕМЕНТ,kept,
АНАЛИЗАТОР ИЗОБРАЖЕНИЯ SIAMS-600,АНАЛИЗАТОР ИЗОБРАЖЕНИЯ SIAMS-600,МАТЕРИАЛ,МАТЕРИАЛ,kept,
АНИТИЗАЦИЯ,АНИТИЗАЦИЯ,ТЕХНОЛОГИЧЕСКИЙ_ПРОЦЕСС,ТЕХНОЛОГИЧЕСКИЙ_ПРОЦЕСС,kept,
АНОМАЛЬНЫЙ РОСТ ЗЕРНА,АНОМАЛЬНЫЙ РОСТ ЗЕРНА,ТЕХНОЛОГИЧЕСКИЙ_ПРОЦЕСС,ТЕХНОЛОГИЧЕСКИЙ_ПРОЦЕСС,kept,
АРГОН,АРГОН,ХИМИЧЕСКИЙ_ЭЛЕМЕНТ,ХИМИЧЕСКИЙ_ЭЛЕМЕНТ,kept,
АТОМЫ,АТОМЫ,МИКРОСТРУКТУРА,МИКРОСТРУКТУРА,kept,
АТОМЫ ВОДОРОДА,АТОМЫ ВОДОРОДА,СОЕДИНЕНИЕ,СОЕДИНЕНИЕ,kept,
АТОМЫ ПРИМЕСЕЙ,АТОМЫ ПРИМЕСЕЙ,МИКРОСТРУКТУРА,МИКРОСТРУКТУРА,kept,
АТОМЫ УГЛЕРОДА,АТОМЫ УГЛЕРОДА,МИКРОСТРУКТУРА,МИКРОСТРУКТУРА,kept,
АТОМЫ УГЛЕРОДА И ПРИМЕСЕЙ,АТОМЫ УГЛЕРОДА И ПРИМЕСЕЙ,МИКРОСТРУКТУРА,МИКРОСТРУКТУРА,kept,
АТОМЫ УГЛЕРОДА И ПРИМЕСЕЙ В АУСТЕНИТЕ,АТОМЫ УГЛЕРОДА И ПРИМЕСЕЙ В АУСТЕНИТЕ,МИКРОСТРУКТУРА,МИКРОСТРУКТУРА,kept,
АТОМЫ УГЛЕРОДА И ПРИМЕСЕЙ В ФЕРРИТЕ,АТОМЫ УГЛЕРОДА И ПРИМЕСЕЙ В ФЕРРИТЕ,МИКРОСТРУКТУРА,МИКРОСТРУКТУРА,kept,
АТОМЫ УГЛЕРОДА И ПРИМЕСЕЙ В ФЕРРИТЕ И АУСТЕНИТЕ,АТОМЫ УГЛЕРОДА И ПРИМЕСЕЙ В ФЕРРИТЕ И АУСТЕНИТЕ,МИКРОСТРУКТУРА,МИКРОСТРУКТУРА,kept,
АУСТЕНИТ,АУСТЕНИТ,МИКРОСТРУКТУРА,МИКРОСТРУКТУРА,kept,
АУСТЕНИТ-БЕЙНИТ,АУСТЕНИТ-БЕЙНИТ,МИКРОСТРУКТУРА,МИКРОСТРУКТУРА,kept,
АУСТЕНИТ-МАРТЕНСИТ,АУСТЕНИТ-МАРТЕНСИТ,МИКРОСТРУКТУРА,МИКРОСТРУКТУРА,kept,
АУСТЕНИТ-ПЕРЛИТ,АУСТЕНИТ-ПЕРЛИТ,МИКРОСТРУКТУРА,МИКРОСТРУКТУРА,kept,
АУСТЕНИТ-ФЕРРИТ,АУСТЕНИТ-ФЕРРИТ,МИКРОСТРУКТУРА,МИКРОСТРУКТУРА,kept,
АУСТЕНИТИЗАЦИЯ,АУСТЕНИТИЗАЦИЯ,ТЕХНОЛОГИЧЕСКИЙ_ПРОЦЕСС,ТЕХНОЛОГИЧЕСКИЙ_ПРОЦЕСС,kept,
АУСТЕНИТНАЯ Γ-ОБЛАСТЬ,АУСТЕНИТНАЯ Γ-ОБЛАСТЬ,МИКРОСТРУКТУРА,МИКРОСТРУКТУРА,kept,
АУСТЕНИТНАЯ ОБЛАСТЬ,АУСТЕНИТНАЯ ОБЛАСТЬ,МИКРОСТРУКТУРА,МИКРОСТРУКТУРА,kept,
АУСТЕНИТНАЯ_ОБЛАСТЬ,АУСТЕНИТНАЯ ОБЛАСТЬ,МИКРОСТРУКТУРА,МИКРОСТРУКТУРА,kept,
АУСТЕНИТНАЯ СТРУКТУРА,АУСТЕНИТНАЯ СТРУКТУРА,МИКРОСТРУКТУРА,МИКРОСТРУКТУРА,kept,
АУСТЕНИТНОЕ ЗЕРНО,АУСТЕНИТНОЕ ЗЕРНО,МИКРОСТРУКТУРА,МИКРОСТРУКТУРА,kept,
АУСТЕНИТНОЕ ЗЕРНО СТАЛИ ВЫБРАННОГО КОМПОЗИЦИОННОГО СОСТАВА,АУСТЕНИТНОЕ ЗЕРНО СТАЛИ ВЫБРАННОГО КОМПОЗИЦИОННОГО СОСТАВА,МИКРОСТРУКТУРА,МИКРОСТРУКТУРА,kept,
АУСТЕНИТНЫЕ ЗЕРНА,АУСТЕНИТНЫЕ ЗЕРНА,МИКРОСТРУКТУРА,МИКРОСТРУКТУРА,kept,
БЕЙНИТ,БЕЙНИТ,МИКРОСТРУКТУРА,МИКРОСТРУКТУРА,kept,
БЕЙНИТНАЯ СДВИГОВАЯ ФАЗА,БЕЙНИТНАЯ СДВИГОВАЯ ФАЗА,МИКРОСТРУКТУРА,МИКРОСТРУКТУРА,kept,
БЕЙНИТНАЯ СОСТАВЛЯЮЩАЯ,БЕЙНИТНАЯ СОСТАВЛЯЮЩАЯ,МИКРОСТРУКТУРА,МИКРОСТРУКТУРА,kept,
БЕЙНИТНАЯ СТАЛЬ,БЕЙНИТНАЯ СТАЛЬ,МАТЕРИАЛ,МАТЕРИАЛ,kept,
БЕЙНИТНАЯ СТРУКТУРА,БЕЙНИТНАЯ СТРУКТУРА,МИКРОСТРУКТУРА,МИКРОСТРУКТУРА,kept,
БЕЙНИТНО-МАРТЕНСИТНЫЕ СТРУКТУРНЫЕ СОСТАВЛЯЮЩИЕ,БЕЙНИТНО-МАРТЕНСИТНЫЕ СТРУКТУРНЫЕ СОСТАВЛЯЮЩИЕ,МИКРОСТРУКТУРА,МИКРОСТРУКТУРА,kept,
БЕЙНИТНО-МАРТЕНСИТНЫЕ УЧАСТКИ,БЕЙНИТНО-МАРТЕНСИТНЫЕ УЧАСТКИ,МИКРОСТРУКТУРА,МИКРОСТРУКТУРА,kept,
БЕЙНИТНОЕ ПРЕВРАЩЕНИЕ,БЕЙНИТНОЕ ПРЕВРАЩЕНИЕ,ТЕХНОЛОГИЧЕСКИЙ_ПРОЦЕСС,ТЕХНОЛОГИЧЕСКИЙ_ПРОЦЕСС,kept,
БЕЙНИТНЫЙ ФЕРРИТ,БЕЙНИТНЫЙ ФЕРРИТ,МИКРОСТРУКТУРА,МИКРОСТРУКТУРА,kept,
БОР,БОР,ХИМИЧЕСКИЙ_ЭЛЕМЕНТ,ХИМИЧЕСКИЙ_ЭЛЕМЕНТ,kept,
ВАКУУМИРОВАНИЕ ЖИДКОЙ СТАЛИ,ВАКУУМИРОВАНИЕ ЖИДКОЙ СТАЛИ,ТЕХНОЛОГИЧЕСКИЙ_ПРОЦЕСС,ТЕХНОЛОГИЧЕСКИЙ_ПРОЦЕСС,kept,
ВАНАДИЙ,ВАНАДИЙ,ХИМИЧЕСКИЙ_ЭЛЕМЕНТ,ХИМИЧЕСКИЙ_ЭЛЕМЕНТ,kept,
ВИДЫ СВАРКИ ТРУБ,ВИДЫ СВАРКИ ТРУБ,ТЕХНОЛОГИЧЕСКИЙ_ПРОЦЕСС,ТЕХНОЛОГИЧЕСКИЙ_ПРОЦЕСС,kept,
ВНУТРЕННИЕ НАПРЯЖЕНИЯ,ВНУТРЕННИЕ НАПРЯЖЕНИЯ,СВОЙСТВО,СВОЙСТВО,kept,
ВОДОРОД,ВОДОРОД,ХИМИЧЕСКИЙ_ЭЛЕМЕНТ,ХИМИЧЕСКИЙ_ЭЛЕМЕНТ,kept,
ВОДОРОДНАЯ РЕАКЦИЯ,ВОДОРОДНАЯ РЕАКЦИЯ,СОЕДИНЕНИЕ,СОЕДИНЕНИЕ,kept,
ВОДОРОДНОЕ ОХРУПЧИВАНИЕ,ВОДОРОДНОЕ ОХРУПЧИВАНИЕ,МИКРОСТРУКТУРА,МИКРОСТРУКТУРА,kept,
ВОДОРОДНОЕ ОХРУПЧИВАНИЕ МЕТАЛЛА,ВОДОРОДНОЕ ОХРУПЧИВАНИЕ МЕТАЛЛА,СВОЙСТВО,СВОЙСТВО,kept,
ВОДОРОДНЫЕ АТМОСФЕРЫ КОТТРЕЛА,ВОДОРОДНЫЕ АТМОСФЕРЫ КОТТРЕЛА,СОЕДИНЕНИЕ,СОЕДИНЕНИЕ,kept,
ВОЛОСОВИНЫ,ВОЛОСОВИНЫ,МИКРОСТРУКТУРА,МИКРОСТРУКТУРА,kept,
ВРЕМЕННОЕ СНИЖЕНИЕ ПЛАСТИЧНОСТИ,ВРЕМЕННОЕ СНИЖЕНИЕ ПЛАСТИЧНОСТИ,СВОЙСТВО,СВОЙСТВО,kept,
ВРЕМЕННОЕ СОПРОТИВЛЕНИЕ,ВРЕМЕННОЕ СОПРОТИВЛЕНИЕ,СВОЙСТВО,СВОЙСТВО,kept,
ВТОРИЧНЫЕ ВЫДЕЛЕНИЯ,ВТОРИЧНЫЕ ВЫДЕЛЕНИЯ,МИКРОСТРУКТУРА,МИКРОСТРУКТУРА,kept,
ВЫДЕЛЕНИЕ ИЗБЫТОЧНЫХ ФАЗ,ВЫДЕЛЕНИЕ ИЗБЫТОЧНЫХ ФАЗ,ТЕХНОЛОГИЧЕСКИЙ_ПРОЦЕСС,ТЕХНОЛОГИЧЕСКИЙ_ПРОЦЕСС,kept,
ВЫДЕРЖКА НЕ МЕНЕЕ 48-56 ЧАСОВ,ВЫДЕРЖКА НЕ МЕНЕЕ 48-56 ЧАСОВ,СВОЙСТВО,СВОЙСТВО,kept,
ВЫДЯТУТЫЕ СУЛЬФИДЫ,ВЫДЯТУТЫЕ СУЛЬФИДЫ,МИКРОСТРУКТУРА,МИКРОСТРУКТУРА,kept,
ВЫЛЕЖИВАНИЕ ЛИСТОВ В ШТАБЕЛЕ,ВЫЛЕЖИВАНИЕ ЛИСТОВ В ШТАБЕЛЕ,ТЕХНОЛОГИЧЕСКИЙ_ПРОЦЕСС,ТЕХНОЛОГИЧЕСКИЙ_ПРОЦЕСС,kept,
ВЫСОКИЕ СКОРОСТИ ОХЛАЖДЕНИЯ,ВЫСОКИЕ СКОРОСТИ ОХЛАЖДЕНИЯ,ТЕХНОЛОГИЧЕСКИЙ_ПРОЦЕСС,ТЕХНОЛОГИЧЕСКИЙ_ПРОЦЕСС,kept,
ВЫСОКОТЕМПЕРАТУРНАЯ КОНТРОЛИРУЕМАЯ ПРОКАТКА,ВЫСОКОТЕМПЕРАТУРНАЯ КОНТРОЛИРУЕМАЯ ПРОКАТКА,ТЕХНОЛОГИЧЕСКИЙ_ПРОЦЕСС,ТЕХНОЛОГИЧЕСКИЙ_ПРОЦЕСС,kept,
ВЫСОКОТЕМПЕРАТУРНЫЙ ПЕРЛИТ,ВЫСОКОТЕМПЕРАТУРНЫЙ ПЕРЛИТ,МИКРОСТРУКТУРА,МИКРОСТРУКТУРА,kept,
ВЫСОКОУГЛЕРОДИСТЫЕ БЕЙНИТНО-МАРТЕНСИТНЫЕ СТРУКТУРНЫЕ СОСТАВЛЯЮЩИЕ,ВЫСОКОУГЛЕРОДИСТЫЕ БЕЙНИТНО-МАРТЕНСИТНЫЕ СТРУКТУРНЫЕ СОСТАВЛЯЮЩИЕ,МИКРОСТРУКТУРА,МИКРОСТРУКТУРА,kept,
ВЫСОКОУГЛЕРОДИСТЫЙ ВЕРХНИЙ БЕЙНИТ,ВЫСОКОУГЛЕРОДИСТЫЙ ВЕРХНИЙ БЕЙНИТ,МИКРОСТРУКТУРА,МИКРОСТРУКТУРА,kept,
ВЫСОКОУГЛЕРОДИСТЫЙ МАРТЕНСИТ,ВЫСОКОУГЛЕРОДИСТЫЙ МАРТЕНСИТ,МИКРОСТРУКТУРА,МИКРОСТРУКТУРА,kept,
ВЫТЯЖНУТОСТЬ СУЛЬФИДОВ МАРГАНЦА,ВЫТЯЖНУТОСТЬ СУЛЬФИДОВ МАРГАНЦА,МИКРОСТРУКТУРА,МИКРОСТРУКТУРА,kept,
ВЯЗКАЯ_СОСТАВЛЯЮЩАЯ,ВЯЗКАЯ СОСТАВЛЯЮЩАЯ,МИКРОСТРУКТУРА,МИКРОСТРУКТУРА,kept,
ВЯЗКОЕ РАЗРУШЕНИЕ,ВЯЗКОЕ РАЗРУШЕНИЕ,МИКРОСТРУКТУРА,МИКРОСТРУКТУРА,kept,
ВЯЗКОСТЬ,ВЯЗКОСТЬ,СВОЙСТВО,СВОЙСТВО,kept,
ВЯЗКОСТЬ СТАЛИ,ВЯЗКОСТЬ СТАЛИ,СВОЙСТВО,СВОЙСТВО,kept,
ГАЗЫ,ГАЗЫ,СОЕДИНЕНИЕ,СОЕДИНЕНИЕ,kept,
ГАЛЬВАНИЧЕСКОЕ ПОКРЫТИЕ ЛИСТОВ,ГАЛЬВАНИЧЕСКОЕ ПОКРЫТИЕ ЛИСТОВ,ТЕХНОЛОГИЧЕСКИЙ_ПРОЦЕСС,ТЕХНОЛОГИЧЕСКИЙ_ПРОЦЕСС,kept,
ГАЛЬМА-А-ПРЕВРАЩЕНИЕ,ГАЛЬМА-А-ПРЕВРАЩЕНИЕ,ТЕХНОЛОГИЧЕСКИЙ_ПРОЦЕСС,ТЕХНОЛОГИЧЕСКИЙ_ПРОЦЕСС,kept,
ГАМА-АУСТЕНИТ,ГАМА-АУСТЕНИТ,МИКРОСТРУКТУРА,МИКРОСТРУКТУРА,kept,
ГАММА-ФАЗА,ГАММА-ФАЗА,МИКРОСТРУКТУРА,МИКРОСТРУКТУРА,kept,
ГАРЯЧЕДЕФОРМИРОВАННЫЙ АУСТЕНИТ,ГАРЯЧЕДЕФОРМИРОВАННЫЙ АУСТЕНИТ,МИКРОСТРУКТУРА,МИКРОСТРУКТУРА,kept,
ГЕТА-ПРЕВРАЩЕНИЕ,ГЕТА-ПРЕВРАЩЕНИЕ,ТЕХНОЛОГИЧЕСКИЙ_ПРОЦЕСС,ТЕХНОЛОГИЧЕСКИЙ_ПРОЦЕСС,kept,
ГЛОБУЛЯРИЗАЦИЯ СУЛЬФИДОВ,ГЛОБУЛЯРИЗАЦИЯ СУЛЬФИДОВ,ТЕХНОЛОГИЧЕСКИЙ_ПРОЦЕСС,ТЕХНОЛОГИЧЕСКИЙ_ПРОЦЕСС,kept,
ГОРЯЧАЯ ДЕФОРМАЦИЯ,ГОРЯЧАЯ ДЕФОРМАЦИЯ,ТЕХНОЛОГИЧЕСКИЙ_ПРОЦЕСС,ТЕХНОЛОГИЧЕСКИЙ_ПРОЦЕСС,kept,
ГОРЯЧАЯ ПЛАСТИЧЕСКАЯ ДЕФОРМАЦИЯ,ГОРЯЧАЯ ПЛАСТИЧЕСКАЯ ДЕФОРМАЦИЯ,ТЕХНОЛОГИЧЕСКИЙ_ПРОЦЕСС,ТЕХНОЛОГИЧЕСКИЙ_ПРОЦЕСС,kept,
ГОРЯЧАЯ ПРОКАТКА,ГОРЯЧАЯ ПРОКАТКА,ТЕХНОЛОГИЧЕСКИЙ_ПРОЦЕСС,ТЕХНОЛОГИЧЕСКИЙ_ПРОЦЕСС,kept,
ГОРЯЧЕДЕФОРМИРОВАННЫЙ АУСТЕНИТ,ГОРЯЧЕДЕФОРМИРОВАННЫЙ АУСТЕНИТ,МИКРОСТРУКТУРА,МИКРОСТРУКТУРА,kept,
ГОСТ 1497,ГОСТ 1497,СОЕДИНЕНИЕ,СОЕДИНЕНИЕ,kept,
ГОСТ 2999,ГОСТ 2999,СОЕДИНЕНИЕ,СОЕДИНЕНИЕ,kept,
ГОСТ 30456-97,ГОСТ 30456-97,СОЕДИНЕНИЕ,СОЕДИНЕНИЕ,kept,
ГОСТ 9450,ГОСТ 9450,СОЕДИНЕНИЕ,СОЕДИНЕНИЕ,kept,
ГОСТ 9454,ГОСТ 9454,СОЕДИНЕНИЕ,СОЕДИНЕНИЕ,kept,
ГОСТ A370,ГОСТ A370,СОЕДИНЕНИЕ,СОЕДИНЕНИЕ,kept,
ГРАНИЦА РЕКРИСТАЛЛИЗОВАННЫХ ЗЕРЕН АУСТЕНИТА,ГРАНИЦА РЕКРИСТАЛЛИЗОВАННЫХ ЗЕРЕН АУСТЕНИТА,МИКРОСТРУКТУРА,МИКРОСТРУКТУРА,kept,
ГРАНИЦЫ ЗЕРЕН,ГРАНИЦЫ ЗЕРЕН,МИКРОСТРУКТУРА,МИКРОСТРУКТУРА,kept,
ГРАНИЦЫ ЗЕРЕН АУСТЕНИТА,ГРАНИЦЫ ЗЕРЕН АУСТЕНИТА,МИКРОСТРУКТУРА,МИКРОСТРУКТУРА,kept,
ДВИЖЕНИЕ АТОМОВ УГЛЕРОДА,ДВИЖЕНИЕ АТОМОВ УГЛЕРОДА,МИКРОСТРУКТУРА,МИКРОСТРУКТУРА,kept,
ДВИЖЕНИЕ АТОМОВ УГЛЕРОДА И ПРИМЕСЕЙ,ДВИЖЕНИЕ АТОМОВ УГЛЕРОДА И ПРИМЕСЕЙ,МИКРОСТРУКТУРА,МИКРОСТРУКТУРА,kept,
ДВОЙНИКИ,ДВОЙНИКИ,МИКРОСТРУКТУРА,МИКРОСТРУКТУРА,kept,
ДВУХКООРДИНАТНЫЙ ПОТЕНЦИОМЕТР,ДВУХКООРДИНАТНЫЙ ПОТЕНЦИОМЕТР,МАТЕРИАЛ,МАТЕРИАЛ,kept,
ДВУХФАЗНАЯ Γ+Α-ОБЛАСТЬ,ДВУХФАЗНАЯ Γ+Α-ОБЛАСТЬ,МИКРОСТРУКТУРА,МИКРОСТРУКТУРА,kept,
ДВУХФАЗНАЯ ОБЛАСТЬ,ДВУХФАЗНАЯ ОБЛАСТЬ,МИКРОСТРУКТУРА,МИКРОСТРУКТУРА,kept,
ДВУХФАЗНАЯ ОБЛАСТЬ Γ+Α,ДВУХФАЗНАЯ ОБЛАСТЬ Γ+Α,МИКРОСТРУКТУРА,МИКРОСТРУКТУРА,kept,
ДВУХФАЗНАЯ СТАЛЬ,ДВУХФАЗНАЯ СТАЛЬ,МАТЕРИАЛ,МАТЕРИАЛ,kept,
ДВУХФАЗНЫЕ ГОРЯЧЕКАТАНЫЕ И ХОЛОДНОКАТАНЫЕ ШТАМПУЕМЫЕ СТАЛИ,ДВУХФАЗНЫЕ ГОРЯЧЕКАТАНЫЕ И ХОЛОДНОКАТАНЫЕ ШТАМПУЕМЫЕ СТАЛИ,МАТЕРИАЛ,МАТЕРИАЛ,kept,
ДЕГЕНЕРИРОВАННЫЙ ПЕРЛИТ,ДЕГЕНЕРИРОВАННЫЙ ПЕРЛИТ,МИКРОСТРУКТУРА,МИКРОСТРУКТУРА,kept,
ДЕСУЛЬФУРАЦИЯ,ДЕСУЛЬФУРАЦИЯ,ТЕХНОЛОГИЧЕСКИЙ_ПРОЦЕСС,ТЕХНОЛОГИЧЕСКИЙ_ПРОЦЕСС,kept,
ДЕФЕКТЫ,ДЕФЕКТЫ,МИКРОСТРУКТУРА,МИКРОСТРУКТУРА,kept,
ДЕФЕКТЫ КРИСТАЛЛИЧЕСКОЙ РЕШЕТКИ МЕТАЛЛА,ДЕФЕКТЫ КРИСТАЛЛИЧЕСКОЙ РЕШЕТКИ МЕТАЛЛА,МИКРОСТРУКТУРА,МИКРОСТРУКТУРА,kept,
ДЕФОРМАЦИЯ,ДЕФОРМАЦИЯ,ТЕХНОЛОГИЧЕСКИЙ_ПРОЦЕСС,ТЕХНОЛОГИЧЕСКИЙ_ПРОЦЕСС,kept,
ДЕФОРМИРОВАННОЕ ЗЕРНО,ДЕФОРМИРОВАННОЕ ЗЕРНО,МИКРОСТРУКТУРА,МИКРОСТРУКТУРА,kept,
ДЕФОРМИРОВАННЫЕ В Γ+Α—ОБЛАСТИ ОБРАЗЦЫ,ДЕФОРМИРОВАННЫЕ В Γ+Α—ОБЛАСТИ ОБРАЗЦЫ,МАТЕРИАЛ,МАТЕРИАЛ,kept,
ДЕФОРМИРОВАННЫЕ ОБРАЗЦЫ,ДЕФОРМИРОВАННЫЕ ОБРАЗЦЫ,МАТЕРИАЛ,МАТЕРИАЛ,kept,
ДЕФОРМИРОВАННЫЙ АУСТЕНИТ,ДЕФОРМИРОВАННЫЙ АУСТЕНИТ,МИКРОСТРУКТУРА,МИКРОСТРУКТУРА,kept,
ДИАГРАММА I ТИПА,ДИАГРАММА I ТИПА,МИКРОСТРУКТУРА,МИКРОСТРУКТУРА,kept,
ДИАГРАММА II ТИПА,ДИАГРАММА II ТИПА,МИКРОСТРУКТУРА,МИКРОСТРУКТУРА,kept,
ДИАГРАММА НАГРУЗКА-ДЕФОРМАЦИЯ,ДИАГРАММА НАГРУЗКА-ДЕФОРМАЦИЯ,МИКРОСТРУКТУРА,МИКРОСТРУКТУРА,kept,
ДИАГРАММА НАПРЯЖЕНИЕ-ДЕФОРМАЦИЯ,ДИАГРАММА НАПРЯЖЕНИЕ-ДЕФОРМАЦИЯ,МИКРОСТРУКТУРА,МИКРОСТРУКТУРА,kept,
ДИАГРАММА РАСТЯЖЕНИЯ,ДИАГРАММА РАСТЯЖЕНИЯ,МИКРОСТРУКТУРА,МИКРОСТРУКТУРА,kept,
ДИАГРАММА РАСТЯЖЕНИЯ БЕЗ ПЛОЩАДКИ ТЕКУЧЕСТИ,ДИАГРАММА РАСТЯЖЕНИЯ БЕЗ ПЛОЩАДКИ ТЕКУЧЕСТИ,МИКРОСТРУКТУРА,МИКРОСТРУКТУРА,kept,
ДИАГРАММА РАСТЯЖЕНИЯ С ЯВНО ВЫРАЖЕННОЙ ПЛОЩАДКОЙ ТЕКУЧЕСТИ,ДИАГРАММА РАСТЯЖЕНИЯ С ЯВНО ВЫРАЖЕННОЙ ПЛОЩАДКОЙ ТЕКУЧЕСТИ,МИКРОСТРУКТУРА,МИКРОСТРУКТУРА,kept,
ДИАГРАММНЫЙ ЛИСТ,ДИАГРАММНЫЙ ЛИСТ,МАТЕРИАЛ,МАТЕРИАЛ,kept,
ДИАМЕТР 1220 ММ,ДИАМЕТР 1220 ММ,СВОЙСТВО,СВОЙСТВО,kept,
ДИАМЕТР 1420 ММ,ДИАМЕТР 1420 ММ,СВОЙСТВО,СВОЙСТВО,kept,
ДИЛАТОМЕТРИЧЕСКИЙ АНАЛИЗ,ДИЛАТОМЕТРИЧЕСКИЙ АНАЛИЗ,ТЕХНОЛОГИЧЕСКИЙ_ПРОЦЕСС,ТЕХНОЛОГИЧЕСКИЙ_ПРОЦЕСС,kept,
ДИСЛОКАЦИИ,ДИСЛОКАЦИИ,МИКРОСТРУКТУРА,МИКРОСТРУКТУРА,kept,
ДИСЛОКАЦИОННОЕ УПРОЧНЕНИЕ,ДИСЛОКАЦИОННОЕ УПРОЧНЕНИЕ,ТЕХНОЛОГИЧЕСКИЙ_ПРОЦЕСС,ТЕХНОЛОГИЧЕСКИЙ_ПРОЦЕСС,kept,
ДИСЛОКАЦИЯ,ДИСЛОКАЦИЯ,МИКРОСТРУКТУРА,МИКРОСТРУКТУРА,kept,
ДИСПЕРСИОННОЕ ТВЕРДЕНИЕ,ДИСПЕРСИОННОЕ ТВЕРДЕНИЕ,ТЕХНОЛОГИЧЕСКИЙ_ПРОЦЕСС,ТЕХНОЛОГИЧЕСКИЙ_ПРОЦЕСС,kept,
ДИСПЕРСИОННОЕ ТВЕРЖДЕНИЕ,ДИСПЕРСИОННОЕ ТВЕРЖДЕНИЕ,ТЕХНОЛОГИЧЕСКИЙ_ПРОЦЕСС,ТЕХНОЛОГИЧЕСКИЙ_ПРОЦЕСС,kept,
ДИСПЕРСИОННОЕ УПРОЧНЕНИЕ,ДИСПЕРСИОННОЕ УПРОЧНЕНИЕ,ТЕХНОЛОГИЧЕСКИЙ_ПРОЦЕСС,ТЕХНОЛОГИЧЕСКИЙ_ПРОЦЕСС,kept,
ДИСПЕРСНАЯ ФАЗА,ДИСПЕРСНАЯ ФАЗА,МИКРОСТРУКТУРА,МИКРОСТРУКТУРА,kept,
ДИСПЕРСНОЕ ТВЕРЖДЕНИЕ,ДИСПЕРСНОЕ ТВЕРЖДЕНИЕ,ТЕХНОЛОГИЧЕСКИЙ_ПРОЦЕСС,ТЕХНОЛОГИЧЕСКИЙ_ПРОЦЕСС,kept,
"ДИСПЕРСНЫЕ ИЗБЫТОЧНЫЕ ФАЗЫ NB(C,N)","ДИСПЕРСНЫЕ ИЗБЫТОЧНЫЕ ФАЗЫ NB(C,N)",СОЕДИНЕНИЕ,СОЕДИНЕНИЕ,kept,
ДИСПЛОКАЦИИ,ДИСПЛОКАЦИИ,МИКРОСТРУКТУРА,МИКРОСТРУКТУРА,kept,
ДИСПЛОКАЦИОННАЯ ЯЧЕЙСТАЯ СТРУКТУРА,ДИСПЛОКАЦИОННАЯ ЯЧЕЙСТАЯ СТРУКТУРА,МИКРОСТРУКТУРА,МИКРОСТРУКТУРА,kept,
ДИСПЛОКАЦИОННЫЕ ПЕТЕЛЬ,ДИСПЛОКАЦИОННЫЕ ПЕТЕЛЬ,МИКРОСТРУКТУРА,МИКРОСТРУКТУРА,kept,
ДИФФЕРЕНЦИАЛЬНАЯ ТЕРМИЧЕСКАЯ КРИВАЯ,ДИФФЕРЕНЦИАЛЬНАЯ ТЕРМИЧЕСКАЯ КРИВАЯ,МИКРОСТРУКТУРА,МИКРОСТРУКТУРА,kept,
ДИФФЕРЕНЦИАЛЬНЫЙ ТЕРМИЧЕСКИЙ МЕТОД,ДИФФЕРЕНЦИАЛЬНЫЙ ТЕРМИЧЕСКИЙ МЕТОД,ТЕХНОЛОГИЧЕСКИЙ_ПРОЦЕСС,ТЕХНОЛОГИЧЕСКИЙ_ПРОЦЕСС,kept,
ДИФФУЗИОННАЯ,ДИФФУЗИОННАЯ,МИКРОСТРУКТУРА,МИКРОСТРУКТУРА,kept,
ДИФФУЗИОННО-ПОДВИЖНЫЙ ВОДОРОД,ДИФФУЗИОННО-ПОДВИЖНЫЙ ВОДОРОД,СОЕДИНЕНИЕ,СОЕДИНЕНИЕ,kept,
ДИФФУЗИЯ ФОСФОРА,ДИФФУЗИЯ ФОСФОРА,ТЕХНОЛОГИЧЕСКИЙ_ПРОЦЕСС,ТЕХНОЛОГИЧЕСКИЙ_ПРОЦЕСС,kept,
ДОЛЯ ВЯЗКОЙ СОСТАВЛЯЮЩЕЙ,ДОЛЯ ВЯЗКОЙ СОСТАВЛЯЮЩЕЙ,СВОЙСТВО,СВОЙСТВО,kept,
ДОПОЛНИТЕЛЬНЫЙ ОТПУСК,ДОПОЛНИТЕЛЬНЫЙ ОТПУСК,ТЕХНОЛОГИЧЕСКИЙ_ПРОЦЕСС,ТЕХНОЛОГИЧЕСКИЙ_ПРОЦЕСС,kept,
ДОПОЛНИТЕЛЬНЫЙ ОТПУСК ПОСЛЕ ТМКП,ДОПОЛНИТЕЛЬНЫЙ ОТПУСК ПОСЛЕ ТМКП,ТЕХНОЛОГИЧЕСКИЙ_ПРОЦЕСС,ТЕХНОЛОГИЧЕСКИЙ_ПРОЦЕСС,kept,
ЖЕЛЕЗО,ЖЕЛЕЗО,ХИМИЧЕСКИЙ_ЭЛЕМЕНТ,ХИМИЧЕСКИЙ_ЭЛЕМЕНТ,kept,
ЖИДКАЯ СТАЛЬ,ЖИДКАЯ СТАЛЬ,МАТЕРИАЛ,МАТЕРИАЛ,kept,
ЖИДКИЙ МЕТАЛЛ,ЖИДКИЙ МЕТАЛЛ,МАТЕРИАЛ,МАТЕРИАЛ,kept,
ЗАКАЛКА,ЗАКАЛКА,ТЕХНОЛОГИЧЕСКИЙ_ПРОЦЕСС,ТЕХНОЛОГИЧЕСКИЙ_ПРОЦЕСС,kept,
ЗАМЕДЛЕННОЕ ОХЛАЖДЕНИЕ,ЗАМЕДЛЕННОЕ ОХЛАЖДЕНИЕ,ТЕХНОЛОГИЧЕСКИЙ_ПРОЦЕСС,ТЕХНОЛОГИЧЕСКИЙ_ПРОЦЕСС,kept,
ЗАМЕДЛЕННОЕ ОХЛАЖДЕНИЕ ЛИСТОВ В ШТАБЕЛЕ,ЗАМЕДЛЕННОЕ ОХЛАЖДЕНИЕ ЛИСТОВ В ШТАБЕЛЕ,ТЕХНОЛОГИЧЕСКИЙ_ПРОЦЕСС,ТЕХНОЛОГИЧЕСКИЙ_ПРОЦЕСС,kept,
ЗАМЕРЫ ТВЕРДОСТИ ПО ВИККЕРСУ,ЗАМЕРЫ ТВЕРДОСТИ ПО ВИККЕРСУ,ТЕХНОЛОГИЧЕСКИЙ_ПРОЦЕСС,ТЕХНОЛОГИЧЕСКИЙ_ПРОЦЕСС,kept,
ЗЕРНО,ЗЕРНО,МИКРОСТРУКТУРА,МИКРОСТРУКТУРА,kept,
ЗЕРНО АУСТЕНИТА,ЗЕРНО АУСТЕНИТА,МИКРОСТРУКТУРА,МИКРОСТРУКТУРА,kept,
ЗЕРНО ФЕРРИТА,ЗЕРНО ФЕРРИТА,МИКРОСТРУКТУРА,МИКРОСТРУКТУРА,kept,
ЗМЕДЛЕННОЕ ОХЛАЖДЕНИЕ,ЗМЕДЛЕННОЕ ОХЛАЖДЕНИЕ,ТЕХНОЛОГИЧЕСКИЙ_ПРОЦЕСС,ТЕХНОЛОГИЧЕСКИЙ_ПРОЦЕСС,kept,
ЗНАКОПЕРЕМЕННЫЕ ДЕФОРМАЦИИ,ЗНАКОПЕРЕМЕННЫЕ ДЕФОРМАЦИИ,ТЕХНОЛОГИЧЕСКИЙ_ПРОЦЕСС,ТЕХНОЛОГИЧЕСКИЙ_ПРОЦЕСС,kept,
ЗОНА ТЕРМИЧЕСКОГО ВЛИЯНИЯ,ЗОНА ТЕРМИЧЕСКОГО ВЛИЯНИЯ,МИКРОСТРУКТУРА,МИКРОСТРУКТУРА,kept,
ИГОЛЬЧАТЫЙ ФЕРРИТ,ИГОЛЬЧАТЫЙ ФЕРРИТ,МИКРОСТРУКТУРА,МИКРОСТРУКТУРА,kept,
ИЗБЫТОЧНЫЕ ФАЗЫ,ИЗБЫТОЧНЫЕ ФАЗЫ,МИКРОСТРУКТУРА,МИКРОСТРУКТУРА,kept,
ИЗЛОМ ОБРАЗЦОВ ИПГ,ИЗЛОМ ОБРАЗЦОВ ИПГ,МИКРОСТРУКТУРА,МИКРОСТРУКТУРА,kept,
ИЗЛОМ СТАНДАРТНЫХ ОБРАЗЦОВ ШАРПИ,ИЗЛОМ СТАНДАРТНЫХ ОБРАЗЦОВ ШАРПИ,МИКРОСТРУКТУРА,МИКРОСТРУКТУРА,kept,
ИЗЛОМЫ ОБРАЗЦОВ ИПГ (DWTT),ИЗЛОМЫ ОБРАЗЦОВ ИПГ (DWTT),МИКРОСТРУКТУРА,МИКРОСТРУКТУРА,kept,
ИЗМЕЛЬЧЕНИЕ ЗЕРНА,ИЗМЕЛЬЧЕНИЕ ЗЕРНА,МИКРОСТРУКТУРА,МИКРОСТРУКТУРА,kept,
ИЗМЕЛЬЧЕНИЕ КОНЕЧНОЙ СТРУКТУРЫ,ИЗМЕЛЬЧЕНИЕ КОНЕЧНОЙ СТРУКТУРЫ,МИКРОСТРУКТУРА,МИКРОСТРУКТУРА,kept,
ИЗМЕРЕНИЕ РАЗМЕРА ЧАСТИЦ,ИЗМЕРЕНИЕ РАЗМЕРА ЧАСТИЦ,СВОЙСТВО,СВОЙСТВО,kept,
ИЗМЕРЕНИЕ СКОРОСТИ ВЫДЕЛЕНИЯ,ИЗМЕРЕНИЕ СКОРОСТИ ВЫДЕЛЕНИЯ,СВОЙСТВО,СВОЙСТВО,kept,
ИМИТАЦИЯ КОНТРОЛИРУЕМОЙ ПРОКАТКИ,ИМИТАЦИЯ КОНТРОЛИРУЕМОЙ ПРОКАТКИ,ТЕХНОЛОГИЧЕСКИЙ_ПРОЦЕСС,ТЕХНОЛОГИЧЕСКИЙ_ПРОЦЕСС,kept,
ИМИТИРОВАННАЯ ОКОЛОШОВНАЯ ЗОНА,ИМИТИРОВАННАЯ ОКОЛОШОВНАЯ ЗОНА,МИКРОСТРУКТУРА,МИКРОСТРУКТУРА,kept,
ИНИЦИИРОВАННЫЕ ДЕФОРМАЦИЕЙ ЧАСТИЦЫ,ИНИЦИИРОВАННЫЕ ДЕФОРМАЦИЕЙ ЧАСТИЦЫ,МИКРОСТРУКТУРА,МИКРОСТРУКТУРА,kept,
ИНТЕРВАЛ ТЕМПЕРАТУР 670-610 °C,ИНТЕРВАЛ ТЕМПЕРАТУР 670-610 °C,СВОЙСТВО,СВОЙСТВО,kept,
ИПГ-20,ИПГ-20,СВОЙСТВО,СВОЙСТВО,kept,
ИСКАЖЕНИЯ КРИСТАЛЛИЧЕСКОЙ РЕШЕТКИ,ИСКАЖЕНИЯ КРИСТАЛЛИЧЕСКОЙ РЕШЕТКИ,МИКРОСТРУКТУРА,МИКРОСТРУКТУРА,kept,
ИСПЫТАНИЯ МЕХАНИЧЕСКИХ СВОЙСТВ,ИСПЫТАНИЯ МЕХАНИЧЕСКИХ СВОЙСТВ,ТЕХНОЛОГИЧЕСКИЙ_ПРОЦЕСС,ТЕХНОЛОГИЧЕСКИЙ_ПРОЦЕСС,kept,
ИСПЫТАНИЯ НА РАСТЯЖЕНИЕ,ИСПЫТАНИЯ НА РАСТЯЖЕНИЕ,ТЕХНОЛОГИЧЕСКИЙ_ПРОЦЕСС,ТЕХНОЛОГИЧЕСКИЙ_ПРОЦЕСС,kept,
ИСПЫТАНИЯ НА УДАРНУЮ ВЯЗКОСТЬ,ИСПЫТАНИЯ НА УДАРНУЮ ВЯЗКОСТЬ,ТЕХНОЛОГИЧЕСКИЙ_ПРОЦЕСС,ТЕХНОЛОГИЧЕСКИЙ_ПРОЦЕСС,kept,
ИСПЫТАНИЯ ПАДАЮЩИМ ГРУЗОМ (ИПГ),ИСПЫТАНИЯ ПАДАЮЩИМ ГРУЗОМ (ИПГ),ТЕХНОЛОГИЧЕСКИЙ_ПРОЦЕСС,ТЕХНОЛОГИЧЕСКИЙ_ПРОЦЕСС,kept,
ИССЛЕДУЕМЫЙ ОБРАЗЕЦ,ИССЛЕДУЕМЫЙ ОБРАЗЕЦ,МАТЕРИАЛ,МАТЕРИАЛ,kept,
ИСХОДНЫЙ ЛИСТ,ИСХОДНЫЙ ЛИСТ,МИКРОСТРУКТУРА,МИКРОСТРУКТУРА,kept,
ИФ-СТАЛИ,ИФ-СТАЛИ,МАТЕРИАЛ,МАТЕРИАЛ,kept,
К60,К60,МАТЕРИАЛ,МАТЕРИАЛ,kept,
К65,К65,МАТЕРИАЛ,МАТЕРИАЛ,kept,
К65 (X80),К65 (X80),МАТЕРИАЛ,МАТЕРИАЛ,kept,
КАЛЬЦИЙ,КАЛЬЦИЙ,ХИМИЧЕСКИЙ_ЭЛЕМЕНТ,ХИМИЧЕСКИЙ_ЭЛЕМЕНТ,kept,
КАРБИД ВАНАДИЯ,КАРБИД ВАНАДИЯ,СОЕДИНЕНИЕ,СОЕДИНЕНИЕ,kept,
КАРБИД КАЛЬЦИЯ,КАРБИД КАЛЬЦИЯ,СОЕДИНЕНИЕ,СОЕДИНЕНИЕ,kept,
КАРБИД НИОБИЯ,КАРБИД НИОБИЯ,СОЕДИНЕНИЕ,СОЕДИНЕНИЕ,kept,
КАРБИД ТИТАНА,КАРБИД ТИТАНА,СОЕДИНЕНИЕ,СОЕДИНЕНИЕ,kept,
КАРБИДЫ,КАРБИДЫ,СОЕДИНЕНИЕ,СОЕДИНЕНИЕ,kept,
КАРБИДЫ ОТПУСКА,КАРБИДЫ ОТПУСКА,СОЕДИНЕНИЕ,СОЕДИНЕНИЕ,kept,
КАРБОНИТРИД ВАНАДИЯ,КАРБОНИТРИД ВАНАДИЯ,СОЕДИНЕНИЕ,СОЕДИНЕНИЕ,kept,
КАРБОНИТРИД НИОБИЯ,КАРБОНИТРИД НИОБИЯ,СОЕДИНЕНИЕ,СОЕДИНЕНИЕ,kept,
КАРБОНИТРИДНАЯ ФАЗА,КАРБОНИТРИДНАЯ ФАЗА,МИКРОСТРУКТУРА,МИКРОСТРУКТУРА,kept,
КАРБОНИТРИДНЫЕ ФАЗЫ,КАРБОНИТРИДНЫЕ ФАЗЫ,СОЕДИНЕНИЕ,СОЕДИНЕНИЕ,kept,
КАРБОНИТРИДНЫЕ ФАЗЫ ВАНАДИЯ,КАРБОНИТРИДНЫЕ ФАЗЫ ВАНАДИЯ,МИКРОСТРУКТУРА,МИКРОСТРУКТУРА,kept,
КАРБОНИТРИДНЫЕ ФАЗЫ НИОБИЯ,КАРБОНИТРИДНЫЕ ФАЗЫ НИОБИЯ,МИКРОСТРУКТУРА,МИКРОСТРУКТУРА,kept,
КАРБОНИТРИДНЫЕ ФАЗЫ ТИТАНА,КАРБОНИТРИДНЫЕ ФАЗЫ ТИТАНА,МИКРОСТРУКТУРА,МИКРОСТРУКТУРА,kept,
КАРБОНИТРИДНЫЕ ЧАСТИЦЫ,КАРБОНИТРИДНЫЕ ЧАСТИЦЫ,МИКРОСТРУКТУРА,МИКРОСТРУКТУРА,kept,
КАРБОНИТРИДООБРАЗУЮЩИЙ ЭЛЕМЕНТ,КАРБОНИТРИДООБРАЗУЮЩИЙ ЭЛЕМЕНТ,СОЕДИНЕНИЕ,СОЕДИНЕНИЕ,kept,
КАРБОНИТРИДЫ,КАРБОНИТРИДЫ,СОЕДИНЕНИЕ,СОЕДИНЕНИЕ,kept,
КАРБОНИТРИДЫ ВАНАДИЯ И НИОБИЯ,КАРБОНИТРИДЫ ВАНАДИЯ И НИОБИЯ,СОЕДИНЕНИЕ,СОЕДИНЕНИЕ,kept,
КАРБОНИТРИДЫ НИОБИЯ,КАРБОНИТРИДЫ НИОБИЯ,СОЕДИНЕНИЕ,СОЕДИНЕНИЕ,kept,
КАРБОНИТРИДЫ НИОБИЯ И ВАНАДИЯ,КАРБОНИТРИДЫ НИОБИЯ И ВАНАДИЯ,СОЕДИНЕНИЕ,СОЕДИНЕНИЕ,kept,
КАТЕГОРИЯ ПРОЧНОСТИ X70,КАТЕГОРИЯ ПРОЧНОСТИ X70,МАТЕРИАЛ,МАТЕРИАЛ,kept,
КАТЕГОРИЯ ПРОЧНОСТИ X80,КАТЕГОРИЯ ПРОЧНОСТИ X80,МАТЕРИАЛ,МАТЕРИАЛ,kept,
КАТЕГОРИЯ ПРОЧНОСТИ К60,КАТЕГОРИЯ ПРОЧНОСТИ К60,МАТЕРИАЛ,МАТЕРИАЛ,kept,
КАТЕГОРИЯ ПРОЧНОСТИ К60 (X70),КАТЕГОРИЯ ПРОЧНОСТИ К60 (X70),МАТЕРИАЛ,МАТЕРИАЛ,kept,
КАТЕГОРИЯ ПРОЧНОСТИ К65,КАТЕГОРИЯ ПРОЧНОСТИ К65,МАТЕРИАЛ,МАТЕРИАЛ,kept,
КАТЕГОРИЯ ПРОЧНОСТИ К65 (X80),КАТЕГОРИЯ ПРОЧНОСТИ К65 (X80),МАТЕРИАЛ,МАТЕРИАЛ,kept,
КИНЕТИКА ВЫДЕЛЕНИЯ,КИНЕТИКА ВЫДЕЛЕНИЯ,ТЕХНОЛОГИЧЕСКИЙ_ПРОЦЕСС,ТЕХНОЛОГИЧЕСКИЙ_ПРОЦЕСС,kept,
КИНЕТИКА ГРАФИЧЕСКОГО ПРЕВРАЩЕНИЯ ГОРЯЧЕДЕФОРМИРОВАННОГО АУСТЕНИТА,КИНЕТИКА ГРАФИЧЕСКОГО ПРЕВРАЩЕНИЯ ГОРЯЧЕДЕФОРМИРОВАННОГО АУСТЕНИТА,СВОЙСТВО,СВОЙСТВО,kept,
КИНЕТИКА ПРЕВРАЩЕНИЯ ГОРЯЧЕДЕФОРМИРОВАННОГО АУСТЕНИТА,КИНЕТИКА ПРЕВРАЩЕНИЯ ГОРЯЧЕДЕФОРМИРОВАННОГО АУСТЕНИТА,МИКРОСТРУКТУРА,МИКРОСТРУКТУРА,kept,
КИСЛОРОД,КИСЛОРОД,ХИМИЧЕСКИЙ_ЭЛЕМЕНТ,ХИМИЧЕСКИЙ_ЭЛЕМЕНТ,kept,
КЛАСС ПРОЧНОСТИ K60 (X70),КЛАСС ПРОЧНОСТИ K60 (X70),МАТЕРИАЛ,МАТЕРИАЛ,kept,
КЛАСС ПРОЧНОСТИ K65 (X80),КЛАСС ПРОЧНОСТИ K65 (X80),МАТЕРИАЛ,МАТЕРИАЛ,kept,
КЛАССИЧЕСКИЙ ОТЖИГ,КЛАССИЧЕСКИЙ ОТЖИГ,ТЕХНОЛОГИЧЕСКИЙ_ПРОЦЕСС,ТЕХНОЛОГИЧЕСКИЙ_ПРОЦЕСС,kept,
КЛЕММА X,КЛЕММА X,МИКРОСТРУКТУРА,МИКРОСТРУКТУРА,kept,
КЛЕММА Y,КЛЕММА Y,МИКРОСТРУКТУРА,МИКРОСТРУКТУРА,kept,
КОВКА,КОВКА,ТЕХНОЛОГИЧЕСКИЙ_ПРОЦЕСС,ТЕХНОЛОГИЧЕСКИЙ_ПРОЦЕСС,kept,
КОГЕРЕНТНОСТЬ,КОГЕРЕНТНОСТЬ,МИКРОСТРУКТУРА,МИКРОСТРУКТУРА,kept,
КОЛИЧЕСТВО ДЕФЕКТОВ,КОЛИЧЕСТВО ДЕФЕКТОВ,СВОЙСТВО,СВОЙСТВО,kept,
КОМБИНАТ «АЗОВСТАЛЬ»,КОМБИНАТ «АЗОВСТАЛЬ»,ОРГАНИЗАЦИЯ,ОРГАНИЗАЦИЯ,review,тип вне предметной области или конфликт типов
КОМПЛЕКС МЕХАНИЧЕСКИХ СВОЙСТВ,КОМПЛЕКС МЕХАНИЧЕСКИХ СВОЙСТВ,СВОЙСТВО,СВОЙСТВО,kept,
КОМПЛЕКСНОЕ МИКРОЛЕГИРОВАНИЕ,КОМПЛЕКСНОЕ МИКРОЛЕГИРОВАНИЕ,ТЕХНОЛОГИЧЕСКИЙ_ПРОЦЕСС,ТЕХНОЛОГИЧЕСКИЙ_ПРОЦЕСС,kept,
КОНТРОЛИРУЕМАЯ ПРОКАТКА,КОНТРОЛИРУЕМАЯ ПРОКАТКА,ТЕХНОЛОГИЧЕСКИЙ_ПРОЦЕСС,ТЕХНОЛОГИЧЕСКИЙ_ПРОЦЕСС,kept,
КР,КР,ХИМИЧЕСКИЙ_ЭЛЕМЕНТ,ХИМИЧЕСКИЙ_ЭЛЕМЕНТ,kept,
КРЕМНИЙ,КРЕМНИЙ,ХИМИЧЕСКИЙ_ЭЛЕМЕНТ,ХИМИЧЕСКИЙ_ЭЛЕМЕНТ,kept,
КРИВАЯ ОХЛАЖДЕНИЯ,КРИВАЯ ОХЛАЖДЕНИЯ,МИКРОСТРУКТУРА,МИКРОСТРУКТУРА,kept,
КРИСТАЛЛИЧЕСКАЯ РЕШЕТКА,КРИСТАЛЛИЧЕСКАЯ РЕШЕТКА,МИКРОСТРУКТУРА,МИКРОСТРУКТУРА,kept,
КРИТИЧЕСКАЯ ТВЕРДОСТЬ,КРИТИЧЕСКАЯ ТВЕРДОСТЬ,СВОЙСТВО,СВОЙСТВО,kept,
КРИТИЧЕСКАЯ ТОЧКА A_R3,КРИТИЧЕСКАЯ ТОЧКА A R3,МИКРОСТРУКТУРА,МИКРОСТРУКТУРА,kept,
КРОМ,КРОМ,ХИМИЧЕСКИЙ_ЭЛЕМЕНТ,ХИМИЧЕСКИЙ_ЭЛЕМЕНТ,kept,
КРУПНОЗЕРНИСТАЯ ОБЛАСТЬ ЗОНЫ ТЕРМИЧЕСКОГО ВЛИЯНИЯ ПРИ СВАРКЕ,КРУПНОЗЕРНИСТАЯ ОБЛАСТЬ ЗОНЫ ТЕРМИЧЕСКОГО ВЛИЯНИЯ ПРИ СВАРКЕ,МИКРОСТРУКТУРА,МИКРОСТРУКТУРА,kept,
КУ,КУ,ХИМИЧЕСКИЙ_ЭЛЕМЕНТ,ХИМИЧЕСКИЙ_ЭЛЕМЕНТ,kept,
ЛЕГИРОВАНИЕ ЭЛЕМЕНТАМИ,ЛЕГИРОВАНИЕ ЭЛЕМЕНТАМИ,ТЕХНОЛОГИЧЕСКИЙ_ПРОЦЕСС,ТЕХНОЛОГИЧЕСКИЙ_ПРОЦЕСС,kept,
ЛЕГИРУЮЩИЕ ЭЛЕМЕНТЫ,ЛЕГИРУЮЩИЕ ЭЛЕМЕНТЫ,МАТЕРИАЛ,МАТЕРИАЛ,kept,
ЛИКВАЦИОННАЯ НЕОДНОРОДНОСТЬ,ЛИКВАЦИОННАЯ НЕОДНОРОДНОСТЬ,МИКРОСТРУКТУРА,МИКРОСТРУКТУРА,kept,
ЛИКВАЦИЯ,ЛИКВАЦИЯ,МИКРОСТРУКТУРА,МИКРОСТРУКТУРА,kept,
ЛИСТ,ЛИСТ,МИКРОСТРУКТУРА,МИКРОСТРУКТУРА,kept,
ЛИСТ С ФЕРРИТНО-ПЕРЛИТНОЙ СТРУКТУРОЙ,ЛИСТ С ФЕРРИТНО-ПЕРЛИТНОЙ СТРУКТУРОЙ,МИКРОСТРУКТУРА,МИКРОСТРУКТУРА,kept,
ЛИСТОВАЯ СТАЛЬ,ЛИСТОВАЯ СТАЛЬ,МАТЕРИАЛ,МАТЕРИАЛ,kept,
ЛИСТОВОЙ СТАН 3600,ЛИСТОВОЙ СТАН 3600,МАТЕРИАЛ,МАТЕРИАЛ,kept,
ЛИСТОВЫЕ СТАНЫ,ЛИСТОВЫЕ СТАНЫ,МАТЕРИАЛ,МАТЕРИАЛ,kept,
ЛИСТЫ,ЛИСТЫ,МАТЕРИАЛ,МАТЕРИАЛ,kept,
ЛИСТЫ ДЛЯ ТРУБ БОЛЬШОГО ДИАМЕТРА КАТЕГОРИИ ПРОЧНОСТИ К65,ЛИСТЫ ДЛЯ ТРУБ БОЛЬШОГО ДИАМЕТРА КАТЕГОРИИ ПРОЧНОСТИ К65,МАТЕРИАЛ,МАТЕРИАЛ,kept,
ЛИСТЫ ДЛЯ ТРУБ КАТЕГОРИИ ПРОЧНОСТИ К65,ЛИСТЫ ДЛЯ ТРУБ КАТЕГОРИИ ПРОЧНОСТИ К65,МАТЕРИАЛ,МАТЕРИАЛ,kept,
ЛИСТЫ ИЗВЕСТНЫХ СИСТЕМ ЛЕГИРОВАНИЯ,ЛИСТЫ ИЗВЕСТНЫХ СИСТЕМ ЛЕГИРОВАНИЯ,МАТЕРИАЛ,МАТЕРИАЛ,kept,
ЛИСТЫ КАТЕГОРИИ ПРОЧНОСТИ К65,ЛИСТЫ КАТЕГОРИИ ПРОЧНОСТИ К65,МАТЕРИАЛ,МАТЕРИАЛ,kept,
ЛИСТЫ КАТЕГОРИИ ПРОЧНОСТИ К65 ДЛЯ ЭЛЕКТРСВАРНЫХ ГАЗОПРОВОДНЫХ ТРУБ БОЛЬШОГО ДИАМЕТРА,ЛИСТЫ КАТЕГОРИИ ПРОЧНОСТИ К65 ДЛЯ ЭЛЕКТРСВАРНЫХ ГАЗОПРОВОДНЫХ ТРУБ БОЛЬШОГО ДИАМЕТРА,МАТЕРИАЛ,МАТЕРИАЛ,kept,
ЛИСТЫ КАТЕГОРИИ ПРОЧНОСТИ К65 ДЛЯ ЭЛЕКТРСВАРНЫХ ГАЗОПРОВОДНЫХ ТРУБ БОЛЬШОГО ДИАМЕТРА НА ДАВЛЕНИЕ ДО 10-12 МПА,ЛИСТЫ КАТЕГОРИИ ПРОЧНОСТИ К65 ДЛЯ ЭЛЕКТРСВАРНЫХ ГАЗОПРОВОДНЫХ ТРУБ БОЛЬШОГО ДИАМЕТРА НА ДАВЛЕНИЕ ДО 10-12 МПА,МАТЕРИАЛ,МАТЕРИАЛ,kept,
ЛИСТЫ КЛАССА ПРОЧНОСТИ К60,ЛИСТЫ КЛАССА ПРОЧНОСТИ К60,МАТЕРИАЛ,МАТЕРИАЛ,kept,
ЛИСТЫ КЛАССА ПРОЧНОСТИ К65,ЛИСТЫ КЛАССА ПРОЧНОСТИ К65,МАТЕРИАЛ,МАТЕРИАЛ,kept,
ЛИСТЫ ОПЫТНОЙ С-МП-МО-№-В-СТАЛИ,ЛИСТЫ ОПЫТНОЙ С-МП-МО-№-В-СТАЛИ,МАТЕРИАЛ,МАТЕРИАЛ,kept,
ЛИСТЫ ТИПА 10Г2ФБ,ЛИСТЫ ТИПА 10Г2ФБ,МАТЕРИАЛ,МАТЕРИАЛ,kept,
МА,МА,МИКРОСТРУКТУРА,МИКРОСТРУКТУРА,kept,
МА-УЧАСТКИ,МА-УЧАСТКИ,МИКРОСТРУКТУРА,МИКРОСТРУКТУРА,kept,
МАГИСТРАЛЬНЫЕ ГАЗОПРОВОДЫ,МАГИСТРАЛЬНЫЕ ГАЗОПРОВОДЫ,МИКРОСТРУКТУРА,МИКРОСТРУКТУРА,kept,
МАГНИЙ,МАГНИЙ,ХИМИЧЕСКИЙ_ЭЛЕМЕНТ,ХИМИЧЕСКИЙ_ЭЛЕМЕНТ,kept,
МАЛОПЕРЛИТНАЯ NB-V-СОДЕРЖАЩАЯ СТАЛЬ,МАЛОПЕРЛИТНАЯ NB-V-СОДЕРЖАЩАЯ СТАЛЬ,МАТЕРИАЛ,МАТЕРИАЛ,kept,
МАЛОПЕРЛИТНЫЕ СТАЛИ,МАЛОПЕРЛИТНЫЕ СТАЛИ,МАТЕРИАЛ,МАТЕРИАЛ,kept,
МАРГАНЕЦ,МАРГАНЕЦ,ХИМИЧЕСКИЙ_ЭЛЕМЕНТ,ХИМИЧЕСКИЙ_ЭЛЕМЕНТ,kept,
МАРГАНИЙ,МАРГАНИЙ,ХИМИЧЕСКИЙ_ЭЛЕМЕНТ,ХИМИЧЕСКИЙ_ЭЛЕМЕНТ,kept,
МАРГАНЦЕВ,МАРГАНЦЕВ,ХИМИЧЕСКИЙ_ЭЛЕМЕНТ,ХИМИЧЕСКИЙ_ЭЛЕМЕНТ,kept,
МАРГАНЦЕВАЯ МАТРИЦА,МАРГАНЦЕВАЯ МАТРИЦА,МАТЕРИАЛ,МАТЕРИАЛ,kept,
МАРГАНЦЕВЫЕ СУЛЬФИДЫ,МАРГАНЦЕВЫЕ СУЛЬФИДЫ,СОЕДИНЕНИЕ,СОЕДИНЕНИЕ,kept,
МАРГАНЦЕВЫЙ СУЛЬФИД,МАРГАНЦЕВЫЙ СУЛЬФИД,СОЕДИНЕНИЕ,СОЕДИНЕНИЕ,kept,
МАРГАНЦЕВЫЙ ЭЛЕМЕНТ,МАРГАНЦЕВЫЙ ЭЛЕМЕНТ,ХИМИЧЕСКИЙ_ЭЛЕМЕНТ,ХИМИЧЕСКИЙ_ЭЛЕМЕНТ,kept,
МАРТЕНСИТ,МАРТЕНСИТ,МИКРОСТРУКТУРА,МИКРОСТРУКТУРА,kept,
МАРТЕНСИТ ДВОЙНИКОВАННЫЙ,МАРТЕНСИТ ДВОЙНИКОВАННЫЙ,МИКРОСТРУКТУРА,МИКРОСТРУКТУРА,kept,
МАРТЕНСИТНАЯ СТРУКТУРА,МАРТЕНСИТНАЯ СТРУКТУРА,МИКРОСТРУКТУРА,МИКРОСТРУКТУРА,kept,
МАРТЕНСИТНО-АУСТЕНИТНЫЕ УЧАСТКИ,МАРТЕНСИТНО-АУСТЕНИТНЫЕ УЧАСТКИ,МИКРОСТРУКТУРА,МИКРОСТРУКТУРА,kept,
МАРТЕНСИТНОЕ ПРЕВРАЩЕНИЕ,МАРТЕНСИТНОЕ ПРЕВРАЩЕНИЕ,ТЕХНОЛОГИЧЕСКИЙ_ПРОЦЕСС,ТЕХНОЛОГИЧЕСКИЙ_ПРОЦЕСС,kept,
МАРТЕНСИТНЫЕ ПРЕВРАЩЕНИЯ,МАРТЕНСИТНЫЕ ПРЕВРАЩЕНИЯ,МИКРОСТРУКТУРА,МИКРОСТРУКТУРА,kept,
МАРТЕНСИТНЫЕ УЧАСТКИ,МАРТЕНСИТНЫЕ УЧАСТКИ,МИКРОСТРУКТУРА,МИКРОСТРУКТУРА,kept,
МЕДЛЕННОЕ ОХЛАЖДЕНИЕ,МЕДЛЕННОЕ ОХЛАЖДЕНИЕ,ТЕХНОЛОГИЧЕСКИЙ_ПРОЦЕСС,ТЕХНОЛОГИЧЕСКИЙ_ПРОЦЕСС,kept,
МЕДЛЕННОЕ ОХЛАЖДЕНИЕ НА ВОЗДУХЕ,МЕДЛЕННОЕ ОХЛАЖДЕНИЕ НА ВОЗДУХЕ,ТЕХНОЛОГИЧЕСКИЙ_ПРОЦЕСС,ТЕХНОЛОГИЧЕСКИЙ_ПРОЦЕСС,kept,
МЕДНЫЙ ЭЛЕМЕНТ,МЕДНЫЙ ЭЛЕМЕНТ,ХИМИЧЕСКИЙ_ЭЛЕМЕНТ,ХИМИЧЕСКИЙ_ЭЛЕМЕНТ,kept,
МЕДЬ,МЕДЬ,ХИМИЧЕСКИЙ_ЭЛЕМЕНТ,ХИМИЧЕСКИЙ_ЭЛЕМЕНТ,kept,
МЕЖКРИТИЧЕСКАЯ ОБЛАСТЬ ТЕМПЕРАТУР,МЕЖКРИТИЧЕСКАЯ ОБЛАСТЬ ТЕМПЕРАТУР,МИКРОСТРУКТУРА,МИКРОСТРУКТУРА,kept,
МЕЖКРИТИЧЕСКИЙ Γ+Α-ИНТЕРВАЛ,МЕЖКРИТИЧЕСКИЙ Γ+Α-ИНТЕРВАЛ,МИКРОСТРУКТУРА,МИКРОСТРУКТУРА,kept,
МЕЖКРИТИЧЕСКИЙ ГАЛЬМА-АЛФА ИНТЕРВАЛ,МЕЖКРИТИЧЕСКИЙ ГАЛЬМА-АЛФА ИНТЕРВАЛ,МИКРОСТРУКТУРА,МИКРОСТРУКТУРА,kept,
МЕЖКРИТИЧЕСКИЙ ИНТЕРВАЛ Γ+Α,МЕЖКРИТИЧЕСКИЙ ИНТЕРВАЛ Γ+Α,МИКРОСТРУКТУРА,МИКРОСТРУКТУРА,kept,
МЕЖКРИТИЧЕСКИЙ ИНТЕРВАЛ ТЕМПЕРАТУР,МЕЖКРИТИЧЕСКИЙ ИНТЕРВАЛ ТЕМПЕРАТУР,МИКРОСТРУКТУРА,МИКРОСТРУКТУРА,kept,
МЕЖФАЗНЫЕ ГРАНИЦЫ,МЕЖФАЗНЫЕ ГРАНИЦЫ,МИКРОСТРУКТУРА,МИКРОСТРУКТУРА,kept,
МЕЛКОДИСПЕРСНАЯ СТРУКТУРА МЕТАЛЛА,МЕЛКОДИСПЕРСНАЯ СТРУКТУРА МЕТАЛЛА,МИКРОСТРУКТУРА,МИКРОСТРУКТУРА,kept,
МЕЛКОЕ РАВНООСНОЕ ЗЕРНО,МЕЛКОЕ РАВНООСНОЕ ЗЕРНО,МИКРОСТРУКТУРА,МИКРОСТРУКТУРА,kept,
МЕЛКОЗЕРНИСТАЯ АУСТЕНИТНАЯ СТРУКТУРА,МЕЛКОЗЕРНИСТАЯ АУСТЕНИТНАЯ СТРУКТУРА,МИКРОСТРУКТУРА,МИКРОСТРУКТУРА,kept,
МЕТАЛЛ,МЕТАЛЛ,МАТЕРИАЛ,МАТЕРИАЛ,kept,
МЕТАЛЛУРГИЧЕСКИЙ КОМБИНАТ «АЗОВСТАЛЬ»,МЕТАЛЛУРГИЧЕСКИЙ КОМБИНАТ «АЗОВСТАЛЬ»,ОРГАНИЗАЦИЯ,ОРГАНИЗАЦИЯ,review,тип вне предметной области или конфликт типов
МЕТСТАБИЛЬНЫЙ АУСТЕНИТ,МЕТСТАБИЛЬНЫЙ АУСТЕНИТ,МИКРОСТРУКТУРА,МИКРОСТРУКТУРА,kept,
МЕХАНИЧЕСКИЕ СВОЙСТВА,МЕХАНИЧЕСКИЕ СВОЙСТВА,СВОЙСТВО,СВОЙСТВО,kept,
МЕХАНИЧЕСКИЕ СВОЙСТВА ЛИСТОВ ИЗ СТАЛИ 05Г2МФБ И К60,МЕХАНИЧЕСКИЕ СВОЙСТВА ЛИСТОВ ИЗ СТАЛИ 05Г2МФБ И К60,СВОЙСТВО,СВОЙСТВО,kept,
МЕХАНИЧЕСКИЕ СВОЙСТВА ЛИСТОВ ИЗ СТАЛИ ФЕРРИТНО-БЕЙНИТНОГО КЛАССА,МЕХАНИЧЕСКИЕ СВОЙСТВА ЛИСТОВ ИЗ СТАЛИ ФЕРРИТНО-БЕЙНИТНОГО КЛАССА,СВОЙСТВО,СВОЙСТВО,kept,
МЕХАНИЧЕСКИЕ СВОЙСТВА ОСНОВНОГО МЕТАЛЛА,МЕХАНИЧЕСКИЕ СВОЙСТВА ОСНОВНОГО МЕТАЛЛА,СВОЙСТВО,СВОЙСТВО,kept,
МИКРОЛЕГИРОВАНИЕ,МИКРОЛЕГИРОВАНИЕ,ТЕХНОЛОГИЧЕСКИЙ_ПРОЦЕСС,ТЕХНОЛОГИЧЕСКИЙ_ПРОЦЕСС,kept,
МИКРОЛЕГИРОВАННАЯ СТАЛЬ,МИКРОЛЕГИРОВАННАЯ СТАЛЬ,МАТЕРИАЛ,МАТЕРИАЛ,kept,
МИКРОЛЕГИРОВАННЫЕ СТАЛИ,МИКРОЛЕГИРОВАННЫЕ СТАЛИ,МАТЕРИАЛ,МАТЕРИАЛ,kept,
МИКРОНАПРЯЖЕНИЯ,МИКРОНАПРЯЖЕНИЯ,СВОЙСТВО,СВОЙСТВО,kept,
МИКРОСТРУКТУРА,МИКРОСТРУКТУРА,МИКРОСТРУКТУРА,МИКРОСТРУКТУРА,kept,
МИКРОСТРУКТУРА ЛИСТОВ ПОСЛЕ ТМКП,МИКРОСТРУКТУРА ЛИСТОВ ПОСЛЕ ТМКП,МИКРОСТРУКТУРА,МИКРОСТРУКТУРА,kept,
МИКРОСТРУКТУРА ПОСЛЕ СВАРОЧНОГО НАГРЕВА,МИКРОСТРУКТУРА ПОСЛЕ СВАРОЧНОГО НАГРЕВА,МИКРОСТРУКТУРА,МИКРОСТРУКТУРА,kept,
МИКРОСТРУКТУРА СТАЛИ 05Г2МФБ,МИКРОСТРУКТУРА СТАЛИ 05Г2МФБ,МИКРОСТРУКТУРА,МИКРОСТРУКТУРА,kept,
МИКРОТВЕРДОСТЬ,МИКРОТВЕРДОСТЬ,СВОЙСТВО,СВОЙСТВО,kept,
МИКРОТРЕЩИНЫ,МИКРОТРЕЩИНЫ,МИКРОСТРУКТУРА,МИКРОСТРУКТУРА,kept,
МН,МН,ХИМИЧЕСКИЙ_ЭЛЕМЕНТ,ХИМИЧЕСКИЙ_ЭЛЕМЕНТ,kept,
МО,МО,ХИМИЧЕСКИЙ_ЭЛЕМЕНТ,ХИМИЧЕСКИЙ_ЭЛЕМЕНТ,kept,
МОЛЕКУЛА ТЕКУЧЕСТИ,МОЛЕКУЛА ТЕКУЧЕСТИ,СВОЙСТВО,СВОЙСТВО,kept,
МОЛЕКУЛЯРНЫЙ ВОДОРОД,МОЛЕКУЛЯРНЫЙ ВОДОРОД,СОЕДИНЕНИЕ,СОЕДИНЕНИЕ,kept,
МОЛИБДЕН,МОЛИБДЕН,ХИМИЧЕСКИЙ_ЭЛЕМЕНТ,ХИМИЧЕСКИЙ_ЭЛЕМЕНТ,kept,
МОЛИБДЕНОВЫЙ ЭЛЕМЕНТ,МОЛИБДЕНОВЫЙ ЭЛЕМЕНТ,ХИМИЧЕСКИЙ_ЭЛЕМЕНТ,ХИМИЧЕСКИЙ_ЭЛЕМЕНТ,kept,
МЫШЬЯК,МЫШЬЯК,ХИМИЧЕСКИЙ_ЭЛЕМЕНТ,ХИМИЧЕСКИЙ_ЭЛЕМЕНТ,kept,
НАГРЕВ,НАГРЕВ,ТЕХНОЛОГИЧЕСКИЙ_ПРОЦЕСС,ТЕХНОЛОГИЧЕСКИЙ_ПРОЦЕСС,kept,
НАГРЕВ В КАМЕРНЫХ ПЕЧАХ,НАГРЕВ В КАМЕРНЫХ ПЕЧАХ,ТЕХНОЛОГИЧЕСКИЙ_ПРОЦЕСС,ТЕХНОЛОГИЧЕСКИЙ_ПРОЦЕСС,kept,
НАГРЕВ ДО 1180 °C,НАГРЕВ ДО 1180 °C,ТЕХНОЛОГИЧЕСКИЙ_ПРОЦЕСС,ТЕХНОЛОГИЧЕСКИЙ_ПРОЦЕСС,kept,
НАГРЕВ ДО 650 °C,НАГРЕВ ДО 650 °C,ТЕХНОЛОГИЧЕСКИЙ_ПРОЦЕСС,ТЕХНОЛОГИЧЕСКИЙ_ПРОЦЕСС,kept,
НАГРЕВ ДО 800 °C,НАГРЕВ ДО 800 °C,ТЕХНОЛОГИЧЕСКИЙ_ПРОЦЕСС,ТЕХНОЛОГИЧЕСКИЙ_ПРОЦЕСС,kept,
НАГРЕВ ЗАГОТОВКИ,НАГРЕВ ЗАГОТОВКИ,ТЕХНОЛОГИЧЕСКИЙ_ПРОЦЕСС,ТЕХНОЛОГИЧЕСКИЙ_ПРОЦЕСС,kept,
НАГРЕВ ЛИСТА ИЗ СТАЛИ 05Г2МФБ,НАГРЕВ ЛИСТА ИЗ СТАЛИ 05Г2МФБ,МИКРОСТРУКТУРА,МИКРОСТРУКТУРА,kept,
НАГРЕВ ПОД ПРОКАТКУ,НАГРЕВ ПОД ПРОКАТКУ,ТЕХНОЛОГИЧЕСКИЙ_ПРОЦЕСС,ТЕХНОЛОГИЧЕСКИЙ_ПРОЦЕСС,kept,
НАДЁЖНОСТЬ,НАДЁЖНОСТЬ,СВОЙСТВО,СВОЙСТВО,kept,
НАПРАВЛЕНИЕ ПРОКАТКИ,НАПРАВЛЕНИЕ ПРОКАТКИ,МИКРОСТРУКТУРА,МИКРОСТРУКТУРА,kept,
НАПРЯЖЕНИЕ ПЕРЕРЕЗАНИЯ,НАПРЯЖЕНИЕ ПЕРЕРЕЗАНИЯ,СВОЙСТВО,СВОЙСТВО,kept,
НЕ МЕТАЛЛИЧЕСКИЕ ВКЛЮЧЕНИЯ,НЕ МЕТАЛЛИЧЕСКИЕ ВКЛЮЧЕНИЯ,МИКРОСТРУКТУРА,МИКРОСТРУКТУРА,kept,
НЕДЕФОРМИРОВАННЫЕ ОБРАЗЦЫ,НЕДЕФОРМИРОВАННЫЕ ОБРАЗЦЫ,МАТЕРИАЛ,МАТЕРИАЛ,kept,
НЕКОГЕРЕНТНОСТЬ,НЕКОГЕРЕНТНОСТЬ,МИКРОСТРУКТУРА,МИКРОСТРУКТУРА,kept,
НЕМЕТАЛЛИЧЕСКИЕ ВКЛЮЧЕНИЯ,НЕМЕТАЛЛИЧЕСКИЕ ВКЛЮЧЕНИЯ,МИКРОСТРУКТУРА,МИКРОСТРУКТУРА,kept,
НЕОБРАТИМОЕ ОХРУПЧИВАНИЕ,НЕОБРАТИМОЕ ОХРУПЧИВАНИЕ,СВОЙСТВО,СВОЙСТВО,kept,
НЕПРЕРЫВНАЯ РАЗЛИВКА,НЕПРЕРЫВНАЯ РАЗЛИВКА,ТЕХНОЛОГИЧЕСКИЙ_ПРОЦЕСС,ТЕХНОЛОГИЧЕСКИЙ_ПРОЦЕСС,kept,
НЕПРЕРЫВНОЕ ОХЛАЖДЕНИЕ,НЕПРЕРЫВНОЕ ОХЛАЖДЕНИЕ,ТЕХНОЛОГИЧЕСКИЙ_ПРОЦЕСС,ТЕХНОЛОГИЧЕСКИЙ_ПРОЦЕСС,kept,
НЕРЕКРИСТАЛИЗОВАННАЯ АУСТЕНИТНАЯ СТРУКТУРА,НЕРЕКРИСТАЛИЗОВАННАЯ АУСТЕНИТНАЯ СТРУКТУРА,МИКРОСТРУКТУРА,МИКРОСТРУКТУРА,kept,
НЕРЕКРИСТАЛЛИЗОВАННАЯ АУСТЕНИТНАЯ СТРУКТУРА,НЕРЕКРИСТАЛЛИЗОВАННАЯ АУСТЕНИТНАЯ СТРУКТУРА,МИКРОСТРУКТУРА,МИКРОСТРУКТУРА,kept,
НЕСПЛОШНОСТИ,НЕСПЛОШНОСТИ,МИКРОСТРУКТУРА,МИКРОСТРУКТУРА,kept,
НИ,НИ,ХИМИЧЕСКИЙ_ЭЛЕМЕНТ,ХИМИЧЕСКИЙ_ЭЛЕМЕНТ,kept,
НИЖНЯЯ ЧАСТЬ Г-ОБЛАСТИ,НИЖНЯЯ ЧАСТЬ Г-ОБЛАСТИ,МИКРОСТРУКТУРА,МИКРОСТРУКТУРА,kept,
НИЗКИЕ ТЕМПЕРАТУРЫ СМОТКИ В РУЛОН,НИЗКИЕ ТЕМПЕРАТУРЫ СМОТКИ В РУЛОН,СВОЙСТВО,СВОЙСТВО,kept,
НИЗКОЛЕГИРОВАННАЯ СТАЛЬ,НИЗКОЛЕГИРОВАННАЯ СТАЛЬ,МАТЕРИАЛ,МАТЕРИАЛ,kept,
НИЗКОЛЕГИРОВАННЫЕ СТАЛИ,НИЗКОЛЕГИРОВАННЫЕ СТАЛИ,МАТЕРИАЛ,МАТЕРИАЛ,kept,
НИЗКОТЕМПЕРАТУРНАЯ КОНТРОЛИРУЕМАЯ ПРОКАТКА,НИЗКОТЕМПЕРАТУРНАЯ КОНТРОЛИРУЕМАЯ ПРОКАТКА,ТЕХНОЛОГИЧЕСКИЙ_ПРОЦЕСС,ТЕХНОЛОГИЧЕСКИЙ_ПРОЦЕСС,kept,
НИЗКОУГЛЕРОДИСТОЙ БЕЙНИТ,НИЗКОУГЛЕРОДИСТОЙ БЕЙНИТ,МИКРОСТРУКТУРА,МИКРОСТРУКТУРА,kept,
НИЗКОУГЛЕРОДИСТЫЕ МИКРОЛЕГИРОВАННЫЕ ТРУБНЫЕ СТАЛИ,НИЗКОУГЛЕРОДИСТЫЕ МИКРОЛЕГИРОВАННЫЕ ТРУБНЫЕ СТАЛИ,МАТЕРИАЛ,МАТЕРИАЛ,kept,
НИЗКОУГЛЕРОДИСТЫЙ БЕЙНИТ,НИЗКОУГЛЕРОДИСТЫЙ БЕЙНИТ,МИКРОСТРУКТУРА,МИКРОСТРУКТУРА,kept,
НИЗКОУГЛЕРОДИСТЫЙ МАРТЕНСИТ,НИЗКОУГЛЕРОДИСТЫЙ МАРТЕНСИТ,МИКРОСТРУКТУРА,МИКРОСТРУКТУРА,kept,
НИЗОТЕМПЕРАТУРНАЯ ВЯЗКОСТЬ,НИЗОТЕМПЕРАТУРНАЯ ВЯЗКОСТЬ,СВОЙСТВО,СВОЙСТВО,kept,
НИЗОТЕМПЕРАТУРНЫЙ ПЕРЛИТ,НИЗОТЕМПЕРАТУРНЫЙ ПЕРЛИТ,МИКРОСТРУКТУРА,МИКРОСТРУКТУРА,kept,
НИКЕЛЬ,НИКЕЛЬ,ХИМИЧЕСКИЙ_ЭЛЕМЕНТ,ХИМИЧЕСКИЙ_ЭЛЕМЕНТ,kept,
НИОБИЙ,НИОБИЙ,ХИМИЧЕСКИЙ_ЭЛЕМЕНТ,ХИМИЧЕСКИЙ_ЭЛЕМЕНТ,kept,
НИОБИЙ В АУСТЕНИТЕ,НИОБИЙ В АУСТЕНИТЕ,МИКРОСТРУКТУРА,МИКРОСТРУКТУРА,kept,
НИОБИЙ В ТВЕРДОМ РАСТВОРЕ,НИОБИЙ В ТВЕРДОМ РАСТВОРЕ,МИКРОСТРУКТУРА,МИКРОСТРУКТУРА,kept,
НИОБИЙ В ТВЕРДОМ РАСТВОРЕ АУСТЕНИТА,НИОБИЙ В ТВЕРДОМ РАСТВОРЕ АУСТЕНИТА,МИКРОСТРУКТУРА,МИКРОСТРУКТУРА,kept,
НИОБИЙ В ТВЕРДОМ РАСТВОРЕ ФЕРРИТА,НИОБИЙ В ТВЕРДОМ РАСТВОРЕ ФЕРРИТА,МИКРОСТРУКТУРА,МИКРОСТРУКТУРА,kept,
НИОБИЙ-ВАНАДИЙ,НИОБИЙ-ВАНАДИЙ,МАТЕРИАЛ,МАТЕРИАЛ,kept,
НИОБИЙ-ВАНАДИЙ-ТИТАН,НИОБИЙ-ВАНАДИЙ-ТИТАН,МАТЕРИАЛ,МАТЕРИАЛ,kept,
НИОБИЙ-КАРБИД,НИОБИЙ-КАРБИД,СОЕДИНЕНИЕ,СОЕДИНЕНИЕ,kept,
НИОБИЙ-ТИТАН,НИОБИЙ-ТИТАН,МАТЕРИАЛ,МАТЕРИАЛ,kept,
НИОБИЙСОДЕРЖАЩИЕ СТАЛИ,НИОБИЙСОДЕРЖАЩИЕ СТАЛИ,МАТЕРИАЛ,МАТЕРИАЛ,kept,
НИТ,НИТ,МИКРОСТРУКТУРА,МИКРОСТРУКТУРА,kept,
НИТРАТ КИСЛОРОДА,НИТРАТ КИСЛОРОДА,СОЕДИНЕНИЕ,СОЕДИНЕНИЕ,kept,
НИТРИД АЛЮМИНИЯ,НИТРИД АЛЮМИНИЯ,СОЕДИНЕНИЕ,СОЕДИНЕНИЕ,kept,
НИТРИД ВАНАДИЯ,НИТРИД ВАНАДИЯ,СОЕДИНЕНИЕ,СОЕДИНЕНИЕ,kept,
НИТРИД НИОБИЯ,НИТРИД НИОБИЯ,СОЕДИНЕНИЕ,СОЕДИНЕНИЕ,kept,
НИТРИД ТИТАНА,НИТРИД ТИТАНА,СОЕДИНЕНИЕ,СОЕДИНЕНИЕ,kept,
НИТРИДЫ,НИТРИДЫ,СОЕДИНЕНИЕ,СОЕДИНЕНИЕ,kept,
НИТРИДЫ НИОБИЯ,НИТРИДЫ НИОБИЯ,СОЕДИНЕНИЕ,СОЕДИНЕНИЕ,kept,
НОВАЯ ФАЗА,НОВАЯ ФАЗА,МИКРОСТРУКТУРА,МИКРОСТРУКТУРА,kept,
НОРМАЛИЗАЦИЯ,НОРМАЛИЗАЦИЯ,ТЕХНОЛОГИЧЕСКИЙ_ПРОЦЕСС,ТЕХНОЛОГИЧЕСКИЙ_ПРОЦЕСС,kept,
НОРМАЛИЗОВАННАЯ СТАЛЬ,НОРМАЛИЗОВАННАЯ СТАЛЬ,МАТЕРИАЛ,МАТЕРИАЛ,kept,
НОРМАЛЬНЫЙ РОСТ,НОРМАЛЬНЫЙ РОСТ,ТЕХНОЛОГИЧЕСКИЙ_ПРОЦЕСС,ТЕХНОЛОГИЧЕСКИЙ_ПРОЦЕСС,kept,
ОАО «ВНИИГАЗ»,ОАО «ВНИИГАЗ»,ОРГАНИЗАЦИЯ,ОРГАНИЗАЦИЯ,review,тип вне предметной области или конфликт типов
ОАО «МК «АЗОВСТАЛЬ»,ОАО «МК «АЗОВСТАЛЬ»,МАТЕРИАЛ,МАТЕРИАЛ,kept,
ОБГАЩЕНИЕ АУСТЕНИТА УГЛЕРОДОМ,ОБГАЩЕНИЕ АУСТЕНИТА УГЛЕРОДОМ,СВОЙСТВО,СВОЙСТВО,kept,
ОБРАБОТКА МЕТАЛЛА В РАЗЛИВОЧНОМ КОВШЕ СИЛИКОКАЛЬЦИЕМ,ОБРАБОТКА МЕТАЛЛА В РАЗЛИВОЧНОМ КОВШЕ СИЛИКОКАЛЬЦИЕМ,ТЕХНОЛОГИЧЕСКИЙ_ПРОЦЕСС,ТЕХНОЛОГИЧЕСКИЙ_ПРОЦЕСС,kept,
ОБРАБОТКА НА АУСТЕНИТНОЕ ЗЕРНО,ОБРАБОТКА НА АУСТЕНИТНОЕ ЗЕРНО,ТЕХНОЛОГИЧЕСКИЙ_ПРОЦЕСС,ТЕХНОЛОГИЧЕСКИЙ_ПРОЦЕСС,kept,
ОБРАБОТКА СИЛИКОКАЛЬЦИЕМ,ОБРАБОТКА СИЛИКОКАЛЬЦИЕМ,ТЕХНОЛОГИЧЕСКИЙ_ПРОЦЕСС,ТЕХНОЛОГИЧЕСКИЙ_ПРОЦЕСС,kept,
ОБРАЗОВАНИЕ СУБСТРУКТУРЫ,ОБРАЗОВАНИЕ СУБСТРУКТУРЫ,МИКРОСТРУКТУРА,МИКРОСТРУКТУРА,kept,
ОБРАЗЦЫ,ОБРАЗЦЫ,МАТЕРИАЛ,МАТЕРИАЛ,kept,
ОБРАЗЦЫ А370,ОБРАЗЦЫ А370,МАТЕРИАЛ,МАТЕРИАЛ,kept,
ОБРАЗЦЫ ИПГ (DWTT),ОБРАЗЦЫ ИПГ (DWTT),МИКРОСТРУКТУРА,МИКРОСТРУКТУРА,kept,
ОБРАЗЦЫ ШАРПИ,ОБРАЗЦЫ ШАРПИ,МИКРОСТРУКТУРА,МИКРОСТРУКТУРА,kept,
ОБРАТИМАЯ ОТПУСКНАЯ ХРУПКОСТЬ,ОБРАТИМАЯ ОТПУСКНАЯ ХРУПКОСТЬ,СВОЙСТВО,СВОЙСТВО,kept,
ОГИБАНИЕ ЧАСТИЦ,ОГИБАНИЕ ЧАСТИЦ,МИКРОСТРУКТУРА,МИКРОСТРУКТУРА,kept,
ОКОЛОШОВНАЯ ЗОНА,ОКОЛОШОВНАЯ ЗОНА,МИКРОСТРУКТУРА,МИКРОСТРУКТУРА,kept,
ОКОНЧАТЕЛЬНАЯ ПРОКАТКА,ОКОНЧАТЕЛЬНАЯ ПРОКАТКА,ТЕХНОЛОГИЧЕСКИЙ_ПРОЦЕСС,ТЕХНОЛОГИЧЕСКИЙ_ПРОЦЕСС,kept,
ОКОНЧАТЕЛЬНАЯ СТАДИЯ КОНТРОЛИРУЕМОЙ ПРОКАТКИ,ОКОНЧАТЕЛЬНАЯ СТАДИЯ КОНТРОЛИРУЕМОЙ ПРОКАТКИ,ТЕХНОЛОГИЧЕСКИЙ_ПРОЦЕСС,ТЕХНОЛОГИЧЕСКИЙ_ПРОЦЕСС,kept,
ОКРАСКА,ОКРАСКА,ТЕХНОЛОГИЧЕСКИЙ_ПРОЦЕСС,ТЕХНОЛОГИЧЕСКИЙ_ПРОЦЕСС,kept,
ОКСИД КАЛЬЦИЯ,ОКСИД КАЛЬЦИЯ,СОЕДИНЕНИЕ,СОЕДИНЕНИЕ,kept,
ОКСИД УГЛЕРОДА,ОКСИД УГЛЕРОДА,СОЕДИНЕНИЕ,СОЕДИНЕНИЕ,kept,
ОКСИДНЫЕ НЕМЕТАЛЛИЧЕСКИЕ ВКЛЮЧЕНИЯ,ОКСИДНЫЕ НЕМЕТАЛЛИЧЕСКИЕ ВКЛЮЧЕНИЯ,СОЕДИНЕНИЕ,СОЕДИНЕНИЕ,kept,
ОПРОБОВАНИЕ,ОПРОБОВАНИЕ,ТЕХНОЛОГИЧЕСКИЙ_ПРОЦЕСС,ТЕХНОЛОГИЧЕСКИЙ_ПРОЦЕСС,kept,
ОПТИЧЕСКАЯ МИКРОСКОПИЯ,ОПТИЧЕСКАЯ МИКРОСКОПИЯ,ТЕХНОЛОГИЧЕСКИЙ_ПРОЦЕСС,ТЕХНОЛОГИЧЕСКИЙ_ПРОЦЕСС,kept,
ОПУСКА ПРИ ТЕМПЕРАТУРЕ 650 °C,ОПУСКА ПРИ ТЕМПЕРАТУРЕ 650 °C,ТЕХНОЛОГИЧЕСКИЙ_ПРОЦЕСС,ТЕХНОЛОГИЧЕСКИЙ_ПРОЦЕСС,kept,
ОПЫТНАЯ C-MN-MO-NB-V-СТАЛЬ,ОПЫТНАЯ C-MN-MO-NB-V-СТАЛЬ,МАТЕРИАЛ,МАТЕРИАЛ,kept,
ОПЫТНАЯ ПЛАВКА 1,ОПЫТНАЯ ПЛАВКА 1,МАТЕРИАЛ,МАТЕРИАЛ,kept,
ОПЫТНАЯ СТАЛЬ,ОПЫТНАЯ СТАЛЬ,МАТЕРИАЛ,МАТЕРИАЛ,kept,
ОПЫТНАЯ СТАЛЬ 05Г2МФБ,ОПЫТНАЯ СТАЛЬ 05Г2МФБ,МАТЕРИАЛ,МАТЕРИАЛ,kept,
ОРТОФОСФОРНАЯ КИСЛОТА,ОРТОФОСФОРНАЯ КИСЛОТА,СОЕДИНЕНИЕ,СОЕДИНЕНИЕ,kept,
ОСЕВАЯ ХИМИЧЕСКАЯ НЕОДНОРОДНОСТЬ МЕТАЛЛА ПО ТОЛЩИНЕ ЛИСТОВ,ОСЕВАЯ ХИМИЧЕСКАЯ НЕОДНОРОДНОСТЬ МЕТАЛЛА ПО ТОЛЩИНЕ ЛИСТОВ,СВОЙСТВО,СВОЙСТВО,kept,
ОСЕВЫЕ ТРЕЩИНЫ ВОДОРОДНОГО ПРОИСХОЖДЕНИЯ,ОСЕВЫЕ ТРЕЩИНЫ ВОДОРОДНОГО ПРОИСХОЖДЕНИЯ,МИКРОСТРУКТУРА,МИКРОСТРУКТУРА,kept,
ОСНОВНОЙ МЕТАЛЛ,ОСНОВНОЙ МЕТАЛЛ,МАТЕРИАЛ,МАТЕРИАЛ,kept,
ОСНОВНОЙ МЕТАЛЛ ТРУБ,ОСНОВНОЙ МЕТАЛЛ ТРУБ,МАТЕРИАЛ,МАТЕРИАЛ,kept,
ОСОБЕННОСТИ ПОВЕДЕНИЯ ПРИ МАЛЫХ ПЛАСТИЧЕСКИХ ДЕФОРМАЦИЯХ,ОСОБЕННОСТИ ПОВЕДЕНИЯ ПРИ МАЛЫХ ПЛАСТИЧЕСКИХ ДЕФОРМАЦИЯХ,СВОЙСТВО,СВОЙСТВО,kept,
ОСТАТОЧНЫЕ НАПРЯЖЕНИЯ,ОСТАТОЧНЫЕ НАПРЯЖЕНИЯ,МИКРОСТРУКТУРА,МИКРОСТРУКТУРА,kept,
ОСТАТОЧНЫЙ АУСТЕНИТ,ОСТАТОЧНЫЙ АУСТЕНИТ,МИКРОСТРУКТУРА,МИКРОСТРУКТУРА,kept,
ОТЖИГ,ОТЖИГ,ТЕХНОЛОГИЧЕСКИЙ_ПРОЦЕСС,ТЕХНОЛОГИЧЕСКИЙ_ПРОЦЕСС,kept,
ОТОЖЖЕННЫЙ ЛИСТ,ОТОЖЖЕННЫЙ ЛИСТ,МИКРОСТРУКТУРА,МИКРОСТРУКТУРА,kept,
ОТПУСК,ОТПУСК,ТЕХНОЛОГИЧЕСКИЙ_ПРОЦЕСС,ТЕХНОЛОГИЧЕСКИЙ_ПРОЦЕСС,kept,
ОТПУСК ПРИ 620 °C,ОТПУСК ПРИ 620 °C,СВОЙСТВО,СВОЙСТВО,kept,
ОТПУСК ПРИ 650 °C,ОТПУСК ПРИ 650 °C,ТЕХНОЛОГИЧЕСКИЙ_ПРОЦЕСС,ТЕХНОЛОГИЧЕСКИЙ_ПРОЦЕСС,kept,
ОТПУСКА,ОТПУСКА,ТЕХНОЛОГИЧЕСКИЙ_ПРОЦЕСС,ТЕХНОЛОГИЧЕСКИЙ_ПРОЦЕСС,kept,
ОТПУСКАЯ ХРУПКОСТЬ,ОТПУСКАЯ ХРУПКОСТЬ,СВОЙСТВО,СВОЙСТВО,kept,
ОХЛАЖДЕНИЕ,ОХЛАЖДЕНИЕ,ТЕХНОЛОГИЧЕСКИЙ_ПРОЦЕСС,ТЕХНОЛОГИЧЕСКИЙ_ПРОЦЕСС,kept,
ОХЛАЖДЕНИЕ НА СПОКОЙНОМ ВОЗДУХЕ,ОХЛАЖДЕНИЕ НА СПОКОЙНОМ ВОЗДУХЕ,ТЕХНОЛОГИЧЕСКИЙ_ПРОЦЕСС,ТЕХНОЛОГИЧЕСКИЙ_ПРОЦЕСС,kept,
ОХЛАЖДЕНИЕ ОБРАЗЦА,ОХЛАЖДЕНИЕ ОБРАЗЦА,ТЕХНОЛОГИЧЕСКИЙ_ПРОЦЕСС,ТЕХНОЛОГИЧЕСКИЙ_ПРОЦЕСС,kept,
ОХРУПЧИВАНИЕ ФЕРРИТНЫХ ЗЕРЕН,ОХРУПЧИВАНИЕ ФЕРРИТНЫХ ЗЕРЕН,МИКРОСТРУКТУРА,МИКРОСТРУКТУРА,kept,
ПАРАМЕТР СТОЙКОСТИ ПРОТИВ РАСТРЕСКИВАНИЯ,ПАРАМЕТР СТОЙКОСТИ ПРОТИВ РАСТРЕСКИВАНИЯ,СОЕДИНЕНИЕ,СОЕДИНЕНИЕ,kept,
ПАРАМЕТР СТОЙКОСТИ ПРОТИВ РАСТРЕСКИВАНИЯ PCM,ПАРАМЕТР СТОЙКОСТИ ПРОТИВ РАСТРЕСКИВАНИЯ PCM,СВОЙСТВО,СВОЙСТВО,kept,
ПАРАМЕТРЫ ПРЕДВАРИТЕЛЬНОЙ ПРОКАТКИ,ПАРАМЕТРЫ ПРЕДВАРИТЕЛЬНОЙ ПРОКАТКИ,СВОЙСТВО,СВОЙСТВО,kept,
ПАРАМЕТРЫ ТМКП,ПАРАМЕТРЫ ТМКП,СВОЙСТВО,СВОЙСТВО,kept,
ПАТЕНТ УКРАИНЫ № И 2005 10847,ПАТЕНТ УКРАИНЫ № И 2005 10847,СОЕДИНЕНИЕ,СОЕДИНЕНИЕ,kept,
ПЕРЕЛИТ,ПЕРЕЛИТ,МИКРОСТРУКТУРА,МИКРОСТРУКТУРА,kept,
ПЕРЕРЕЗАНИЕ ЧАСТИЦ,ПЕРЕРЕЗАНИЕ ЧАСТИЦ,МИКРОСТРУКТУРА,МИКРОСТРУКТУРА,kept,
ПЕРЕСЫЩЕНИЕ ТВЕРДОГО РАСТВОРА,ПЕРЕСЫЩЕНИЕ ТВЕРДОГО РАСТВОРА,СВОЙСТВО,СВОЙСТВО,kept,
ПЕРЕХОДНАЯ ТЕМПЕРАТУРА,ПЕРЕХОДНАЯ ТЕМПЕРАТУРА,СВОЙСТВО,СВОЙСТВО,kept,
ПЕРЕХОДНАЯ ТЕМПЕРАТУРА ХРУПКОГО РАЗРУШЕНИЯ,ПЕРЕХОДНАЯ ТЕМПЕРАТУРА ХРУПКОГО РАЗРУШЕНИЯ,СВОЙСТВО,СВОЙСТВО,kept,
ПЕРЛИТ,ПЕРЛИТ,МИКРОСТРУКТУРА,МИКРОСТРУКТУРА,kept,
ПЕРЛИТНАЯ СМЕСЬ,ПЕРЛИТНАЯ СМЕСЬ,МИКРОСТРУКТУРА,МИКРОСТРУКТУРА,kept,
ПЕРЛИТНОЕ ПРЕВРАЩЕНИЕ,ПЕРЛИТНОЕ ПРЕВРАЩЕНИЕ,ТЕХНОЛОГИЧЕСКИЙ_ПРОЦЕСС,ТЕХНОЛОГИЧЕСКИЙ_ПРОЦЕСС,kept,
ПЛASTИЧНОСТЬ,ПЛASTИЧНОСТЬ,СВОЙСТВО,СВОЙСТВО,kept,
ПЛАДОЧКА ТЕКУЧЕСТИ,ПЛАДОЧКА ТЕКУЧЕСТИ,МИКРОСТРУКТУРА,МИКРОСТРУКТУРА,kept,
ПЛАСТИЧЕСКИЕ ДЕФОРМАЦИИ,ПЛАСТИЧЕСКИЕ ДЕФОРМАЦИИ,МИКРОСТРУКТУРА,МИКРОСТРУКТУРА,kept,
ПЛАСТИЧНОСТЬ,ПЛАСТИЧНОСТЬ,СВОЙСТВО,СВОЙСТВО,kept,
ПЛОТНОСТЬ ДИСЛОКАЦИЙ,ПЛОТНОСТЬ ДИСЛОКАЦИЙ,СВОЙСТВО,СВОЙСТВО,kept,
ПЛОЩАДКА ТЕКУЧЕСТИ,ПЛОЩАДКА ТЕКУЧЕСТИ,СВОЙСТВО,СВОЙСТВО,kept,
ПОВЕДЕНИЕ МЕХАНИЧЕСКИХ СВОЙСТВ,ПОВЕДЕНИЕ МЕХАНИЧЕСКИХ СВОЙСТВ,СВОЙСТВО,СВОЙСТВО,kept,
ПОВЕРХНОСТНАЯ ОБРАБОТКА,ПОВЕРХНОСТНАЯ ОБРАБОТКА,ТЕХНОЛОГИЧЕСКИЙ_ПРОЦЕСС,ТЕХНОЛОГИЧЕСКИЙ_ПРОЦЕСС,kept,
ПОГЛОЩЕНИЕ УЧАСТКА МАЛЫХ ПЛАСТИЧЕСКИХ ДЕФОРМАЦИЙ,ПОГЛОЩЕНИЕ УЧАСТКА МАЛЫХ ПЛАСТИЧЕСКИХ ДЕФОРМАЦИЙ,МИКРОСТРУКТУРА,МИКРОСТРУКТУРА,kept,
ПОДВИЖНОСТЬ ДИСЛОКАЦИЙ,ПОДВИЖНОСТЬ ДИСЛОКАЦИЙ,СВОЙСТВО,СВОЙСТВО,kept,
ПОЛЕСОВЫЕ ВЫСОКОПРОЧНЫЕ НИЗКОЛЕГИРОВАННЫЕ СТАЛИ,ПОЛЕСОВЫЕ ВЫСОКОПРОЧНЫЕ НИЗКОЛЕГИРОВАННЫЕ СТАЛИ,МАТЕРИАЛ,МАТЕРИАЛ,kept,
ПОЛИГАОНАЛЬНЫЙ ФЕРРИТ,ПОЛИГАОНАЛЬНЫЙ ФЕРРИТ,МИКРОСТРУКТУРА,МИКРОСТРУКТУРА,kept,
ПОЛИМОРФНОЕ Γ→Α-ПРЕВРАЩЕНИЕ,ПОЛИМОРФНОЕ Γ→Α-ПРЕВРАЩЕНИЕ,ТЕХНОЛОГИЧЕСКИЙ_ПРОЦЕСС,ТЕХНОЛОГИЧЕСКИЙ_ПРОЦЕСС,kept,
ПОЛИМОРФНОЕ Г→А-ПРЕВРАЩЕНИЕ,ПОЛИМОРФНОЕ Г→А-ПРЕВРАЩЕНИЕ,ТЕХНОЛОГИЧЕСКИЙ_ПРОЦЕСС,ТЕХНОЛОГИЧЕСКИЙ_ПРОЦЕСС,kept,
ПОЛИРОВАНИЕ,ПОЛИРОВАНИЕ,ТЕХНОЛОГИЧЕСКИЙ_ПРОЦЕСС,ТЕХНОЛОГИЧЕСКИЙ_ПРОЦЕСС,kept,
ПОЛИРОВКА,ПОЛИРОВКА,ТЕХНОЛОГИЧЕСКИЙ_ПРОЦЕСС,ТЕХНОЛОГИЧЕСКИЙ_ПРОЦЕСС,kept,
ПОЛИЭДРИЧЕСКИЙ ФЕРРИТ,ПОЛИЭДРИЧЕСКИЙ ФЕРРИТ,МИКРОСТРУКТУРА,МИКРОСТРУКТУРА,kept,
ПОЛОСЫ ДЕФОРМАЦИИ,ПОЛОСЫ ДЕФОРМАЦИИ,МИКРОСТРУКТУРА,МИКРОСТРУКТУРА,kept,
ПОНИЖЕНИЕ ТЕМПЕРАТУРЫ ДЕФОРМАЦИИ,ПОНИЖЕНИЕ ТЕМПЕРАТУРЫ ДЕФОРМАЦИИ,ТЕХНОЛОГИЧЕСКИЙ_ПРОЦЕСС,ТЕХНОЛОГИЧЕСКИЙ_ПРОЦЕСС,kept,
ПОРОГ ХЛАДОСТОЙКОСТИ,ПОРОГ ХЛАДОСТОЙКОСТИ,СВОЙСТВО,СВОЙСТВО,kept,
ПОРЫ,ПОРЫ,МИКРОСТРУКТУРА,МИКРОСТРУКТУРА,kept,
ПОСЛЕДЕФОРМАЦИОННОЕ ОХЛАЖДЕНИЕ,ПОСЛЕДЕФОРМАЦИОННОЕ ОХЛАЖДЕНИЕ,ТЕХНОЛОГИЧЕСКИЙ_ПРОЦЕСС,ТЕХНОЛОГИЧЕСКИЙ_ПРОЦЕСС,kept,
ПОСЛЕДЕФОРМАЦИОННОЕ УСКОРЕННОЕ ОХЛАЖДЕНИЕ,ПОСЛЕДЕФОРМАЦИОННОЕ УСКОРЕННОЕ ОХЛАЖДЕНИЕ,ТЕХНОЛОГИЧЕСКИЙ_ПРОЦЕСС,ТЕХНОЛОГИЧЕСКИЙ_ПРОЦЕСС,kept,
ПОТЕНЦИАЛЬНЫЕ МЕСТА ДЛЯ СЕГРЕГАЦИИ ВОДОРОДА,ПОТЕНЦИАЛЬНЫЕ МЕСТА ДЛЯ СЕГРЕГАЦИИ ВОДОРОДА,МИКРОСТРУКТУРА,МИКРОСТРУКТУРА,kept,
ПРЕВРАЩЕНИЕ АУСТЕНИТА,ПРЕВРАЩЕНИЕ АУСТЕНИТА,ТЕХНОЛОГИЧЕСКИЙ_ПРОЦЕСС,ТЕХНОЛОГИЧЕСКИЙ_ПРОЦЕСС,kept,
ПРЕДВАРИТЕЛЬНАЯ ПРОКАТКА,ПРЕДВАРИТЕЛЬНАЯ ПРОКАТКА,ТЕХНОЛОГИЧЕСКИЙ_ПРОЦЕСС,ТЕХНОЛОГИЧЕСКИЙ_ПРОЦЕСС,kept,
ПРЕДЕЛ ПРОЧНОСТИ,ПРЕДЕЛ ПРОЧНОСТИ,СВОЙСТВО,СВОЙСТВО,kept,
ПРЕДЕЛ ТЕКУЧЕСТИ,ПРЕДЕЛ ТЕКУЧЕСТИ,СВОЙСТВО,СВОЙСТВО,kept,
ПРИМЕСИ,ПРИМЕСИ,СОЕДИНЕНИЕ,СОЕДИНЕНИЕ,kept,
ПРОВЕРКА МЕХАНИЧЕСКИХ ИСПЫТАНИЙ,ПРОВЕРКА МЕХАНИЧЕСКИХ ИСПЫТАНИЙ,ТЕХНОЛОГИЧЕСКИЙ_ПРОЦЕСС,ТЕХНОЛОГИЧЕСКИЙ_ПРОЦЕСС,kept,
ПРОДУКТЫ БЕЗДИФФУЗИОННОГО РАСПАДА АУСТЕНИТА,ПРОДУКТЫ БЕЗДИФФУЗИОННОГО РАСПАДА АУСТЕНИТА,МИКРОСТРУКТУРА,МИКРОСТРУКТУРА,kept,
ПРОИЗВОДНАЯ ТЕРМИЧЕСКАЯ КРИВАЯ,ПРОИЗВОДНАЯ ТЕРМИЧЕСКАЯ КРИВАЯ,МИКРОСТРУКТУРА,МИКРОСТРУКТУРА,kept,
ПРОИЗВОДСТВО ЛИСТА КАТЕГОРИИ ПРОЧНОСТИ К65 ПО ТАКОЙ СХЕМЕ,ПРОИЗВОДСТВО ЛИСТА КАТЕГОРИИ ПРОЧНОСТИ К65 ПО ТАКОЙ СХЕМЕ,ТЕХНОЛОГИЧЕСКИЙ_ПРОЦЕСС,ТЕХНОЛОГИЧЕСКИЙ_ПРОЦЕСС,kept,
ПРОКАЛИВАЕМОСТЬ,ПРОКАЛИВАЕМОСТЬ,СВОЙСТВО,СВОЙСТВО,kept,
ПРОКАЛИВАЕМОСТЬ СТАЛИ,ПРОКАЛИВАЕМОСТЬ СТАЛИ,СВОЙСТВО,СВОЙСТВО,kept,
ПРОКАТКА,ПРОКАТКА,ТЕХНОЛОГИЧЕСКИЙ_ПРОЦЕСС,ТЕХНОЛОГИЧЕСКИЙ_ПРОЦЕСС,kept,
ПРОКАТКА ЛИСТОВ,ПРОКАТКА ЛИСТОВ,ТЕХНОЛОГИЧЕСКИЙ_ПРОЦЕСС,ТЕХНОЛОГИЧЕСКИЙ_ПРОЦЕСС,kept,
ПРОКАТНАЯ УСТАНОВКА,ПРОКАТНАЯ УСТАНОВКА,ТЕХНОЛОГИЧЕСКИЙ_ПРОЦЕСС,ТЕХНОЛОГИЧЕСКИЙ_ПРОЦЕСС,kept,
ПРОМЫШЛЕННЫЕ ПАРТИИ,ПРОМЫШЛЕННЫЕ ПАРТИИ,МАТЕРИАЛ,МАТЕРИАЛ,kept,
ПРОМЫШЛЕННЫЕ ПАРТИИ ГАЗОВОПРОВОДНЫХ ТРУБ КАТЕГОРИИ ПРОЧНОСТИ К65,ПРОМЫШЛЕННЫЕ ПАРТИИ ГАЗОВОПРОВОДНЫХ ТРУБ КАТЕГОРИИ ПРОЧНОСТИ К65,МАТЕРИАЛ,МАТЕРИАЛ,kept,
ПРОПУСКНАЯ СПОСОБНОСТЬ,ПРОПУСКНАЯ СПОСОБНОСТЬ,СВОЙСТВО,СВОЙСТВО,kept,
ПРОСВЕЧИВАЮЩАЯ ЭЛЕКТРОННАЯ МИКРОСКОПИЯ,ПРОСВЕЧИВАЮЩАЯ ЭЛЕКТРОННАЯ МИКРОСКОПИЯ,ТЕХНОЛОГИЧЕСКИЙ_ПРОЦЕСС,ТЕХНОЛОГИЧЕСКИЙ_ПРОЦЕСС,kept,
ПРОХОДНЫЕ РОЛИКОВЫЕ ПЕЧИ,ПРОХОДНЫЕ РОЛИКОВЫЕ ПЕЧИ,ТЕХНОЛОГИЧЕСКИЙ_ПРОЦЕСС,ТЕХНОЛОГИЧЕСКИЙ_ПРОЦЕСС,kept,
ПРОЧНОСТНЫЕ СВОЙСТВА,ПРОЧНОСТНЫЕ СВОЙСТВА,СВОЙСТВО,СВОЙСТВО,kept,
ПРОЧНОСТНЫЕ ХАРАКТЕРИСТИКИ,ПРОЧНОСТНЫЕ ХАРАКТЕРИСТИКИ,СВОЙСТВО,СВОЙСТВО,kept,
ПРОЧНОСТЬ,ПРОЧНОСТЬ,СВОЙСТВО,СВОЙСТВО,kept,
ПРОЧНОСТЬ НА РАЗРЫВ,ПРОЧНОСТЬ НА РАЗРЫВ,СВОЙСТВО,СВОЙСТВО,kept,
ПРОЧНОСТЬ СТАЛИ,ПРОЧНОСТЬ СТАЛИ,СВОЙСТВО,СВОЙСТВО,kept,
ПТОК СТАНА,ПТОК СТАНА,МИКРОСТРУКТУРА,МИКРОСТРУКТУРА,kept,
ПУСТОТЫ,ПУСТОТЫ,МИКРОСТРУКТУРА,МИКРОСТРУКТУРА,kept,
РАБОТА РАЗРУШЕНИЯ УДАРНЫХ ОБРАЗЦОВ ШАРПИ,РАБОТА РАЗРУШЕНИЯ УДАРНЫХ ОБРАЗЦОВ ШАРПИ,СВОЙСТВО,СВОЙСТВО,kept,
РАБОЧЕЕ ДАВЛЕНИЕ ДО 100 АТМ,РАБОЧЕЕ ДАВЛЕНИЕ ДО 100 АТМ,СВОЙСТВО,СВОЙСТВО,kept,
РАБОЧИЕ НАПРЯЖЕНИЯ,РАБОЧИЕ НАПРЯЖЕНИЯ,МИКРОСТРУКТУРА,МИКРОСТРУКТУРА,kept,
РАЗВИТАЯ СУБСТРУКТУРА,РАЗВИТАЯ СУБСТРУКТУРА,МИКРОСТРУКТУРА,МИКРОСТРУКТУРА,kept,
РАЗГНУТАЯ ПРОБА,РАЗГНУТАЯ ПРОБА,МИКРОСТРУКТУРА,МИКРОСТРУКТУРА,kept,
РАЗМЕР АУСТЕНИТНЫХ ЗЕРЕН,РАЗМЕР АУСТЕНИТНЫХ ЗЕРЕН,СВОЙСТВО,СВОЙСТВО,kept,
РАЗМЕР ЗЕРЕН КОНЕЧНОЙ СТРУКТУРЫ,РАЗМЕР ЗЕРЕН КОНЕЧНОЙ СТРУКТУРЫ,МИКРОСТРУКТУРА,МИКРОСТРУКТУРА,kept,
РАЗМЕР ЗЕРНА,РАЗМЕР ЗЕРНА,СВОЙСТВО,СВОЙСТВО,kept,
РАЗМЕР ЗЕРНА ФЕРРИТА,РАЗМЕР ЗЕРНА ФЕРРИТА,МИКРОСТРУКТУРА,МИКРОСТРУКТУРА,kept,
РАЗМЕР РЕКРИСТАЛЛИЗОВАННОГО ЗЕРНА АУСТЕНИТА (D$_{Г}$),РАЗМЕР РЕКРИСТАЛЛИЗОВАННОГО ЗЕРНА АУСТЕНИТА (D$ {Г}$),МИКРОСТРУКТУРА,МИКРОСТРУКТУРА,kept,
РАЗМЕР ФЕРРИТНОГО ЗЕРНА (D$_{А}$),РАЗМЕР ФЕРРИТНОГО ЗЕРНА (D$ {А}$),МИКРОСТРУКТУРА,МИКРОСТРУКТУРА,kept,
РАЗМЕР ФЕРРИТНОГО ЗЕРНА ПОСЛЕ Г→А-ПРЕВРАЩЕНИЯ,РАЗМЕР ФЕРРИТНОГО ЗЕРНА ПОСЛЕ Г→А-ПРЕВРАЩЕНИЯ,МИКРОСТРУКТУРА,МИКРОСТРУКТУРА,kept,
РАЗМЕР ЧАСТИЦ,РАЗМЕР ЧАСТИЦ,МИКРОСТРУКТУРА,МИКРОСТРУКТУРА,kept,
РАЗМЕРНОЕ НЕСООТВЕТСТВИЕ,РАЗМЕРНОЕ НЕСООТВЕТСТВИЕ,МИКРОСТРУКТУРА,МИКРОСТРУКТУРА,kept,
РАЗНОЗЕРНИСТОСТЬ,РАЗНОЗЕРНИСТОСТЬ,СВОЙСТВО,СВОЙСТВО,kept,
РАЗНОСТЬ ТЕМПЕРАТУР,РАЗНОСТЬ ТЕМПЕРАТУР,СВОЙСТВО,СВОЙСТВО,kept,
РАЗРЕЗКА,РАЗРЕЗКА,ТЕХНОЛОГИЧЕСКИЙ_ПРОЦЕСС,ТЕХНОЛОГИЧЕСКИЙ_ПРОЦЕСС,kept,
РАЗРЕЗКА ЗЕРНА,РАЗРЕЗКА ЗЕРНА,МИКРОСТРУКТУРА,МИКРОСТРУКТУРА,kept,
РАЗУПРОЧНЕНИЕ,РАЗУПРОЧНЕНИЕ,ТЕХНОЛОГИЧЕСКИЙ_ПРОЦЕСС,ТЕХНОЛОГИЧЕСКИЙ_ПРОЦЕСС,kept,
РАСПАД ПЕРЕСЫЩЕННОГО ТВЕРДОГО РАСТВОРА,РАСПАД ПЕРЕСЫЩЕННОГО ТВЕРДОГО РАСТВОРА,ТЕХНОЛОГИЧЕСКИЙ_ПРОЦЕСС,ТЕХНОЛОГИЧЕСКИЙ_ПРОЦЕСС,kept,
РАСТВОРЕНИЕ,РАСТВОРЕНИЕ,ТЕХНОЛОГИЧЕСКИЙ_ПРОЦЕСС,ТЕХНОЛОГИЧЕСКИЙ_ПРОЦЕСС,kept,
РАСТВОРЕНИЕ ВОДОРОДА,РАСТВОРЕНИЕ ВОДОРОДА,ТЕХНОЛОГИЧЕСКИЙ_ПРОЦЕСС,ТЕХНОЛОГИЧЕСКИЙ_ПРОЦЕСС,kept,
РАСТВОРЕННЫЙ НИОБИЙ,РАСТВОРЕННЫЙ НИОБИЙ,ХИМИЧЕСКИЙ_ЭЛЕМЕНТ,ХИМИЧЕСКИЙ_ЭЛЕМЕНТ,kept,
РАСТВОРИМОСТЬ НИОБИЯ,РАСТВОРИМОСТЬ НИОБИЯ,СВОЙСТВО,СВОЙСТВО,kept,
РАСТВОРИМОСТЬ ФОСФОРА В ФЕРРИТЕ,РАСТВОРИМОСТЬ ФОСФОРА В ФЕРРИТЕ,СВОЙСТВО,СВОЙСТВО,kept,
РАСТРОВАЯ МИКРОСКОПИЯ,РАСТРОВАЯ МИКРОСКОПИЯ,ТЕХНОЛОГИЧЕСКИЙ_ПРОЦЕСС,ТЕХНОЛОГИЧЕСКИЙ_ПРОЦЕСС,kept,
РАСТЯГИВАЮЩИЕ НАПРЯЖЕНИЯ,РАСТЯГИВАЮЩИЕ НАПРЯЖЕНИЯ,СВОЙСТВО,СВОЙСТВО,kept,
РАСТЯЖЕНИЕ,РАСТЯЖЕНИЕ,СВОЙСТВО,СВОЙСТВО,kept,
РАСЩЕПЛЕНИЯ,РАСЩЕПЛЕНИЯ,МИКРОСТРУКТУРА,МИКРОСТРУКТУРА,kept,
РАСЩЕПЛЕНИЯ В ИЗЛОМЕ,РАСЩЕПЛЕНИЯ В ИЗЛОМЕ,МИКРОСТРУКТУРА,МИКРОСТРУКТУРА,kept,
РЕГИСТРИРУЮЩИЕ ПРИБОРЫ,РЕГИСТРИРУЮЩИЕ ПРИБОРЫ,МАТЕРИАЛ,МАТЕРИАЛ,kept,
РЕЖИМЫ СВАРКИ ТРУБ,РЕЖИМЫ СВАРКИ ТРУБ,ТЕХНОЛОГИЧЕСКИЙ_ПРОЦЕСС,ТЕХНОЛОГИЧЕСКИЙ_ПРОЦЕСС,kept,
РЕЖИМЫ ТМКП,РЕЖИМЫ ТМКП,ТЕХНОЛОГИЧЕСКИЙ_ПРОЦЕСС,ТЕХНОЛОГИЧЕСКИЙ_ПРОЦЕСС,kept,
РЕКРИСТАЛЛИЗАЦИОННАЯ КОНТРОЛИРУЕМАЯ ПРОКАТКА,РЕКРИСТАЛЛИЗАЦИОННАЯ КОНТРОЛИРУЕМАЯ ПРОКАТКА,ТЕХНОЛОГИЧЕСКИЙ_ПРОЦЕСС,ТЕХНОЛОГИЧЕСКИЙ_ПРОЦЕСС,kept,
РЕКРИСТАЛЛИЗАЦИОННЫЕ ПРОЦЕССЫ,РЕКРИСТАЛЛИЗАЦИОННЫЕ ПРОЦЕССЫ,ТЕХНОЛОГИЧЕСКИЙ_ПРОЦЕСС,ТЕХНОЛОГИЧЕСКИЙ_ПРОЦЕСС,kept,
РЕКРИСТАЛЛИЗАЦИЯ,РЕКРИСТАЛЛИЗАЦИЯ,ТЕХНОЛОГИЧЕСКИЙ_ПРОЦЕСС,ТЕХНОЛОГИЧЕСКИЙ_ПРОЦЕСС,kept,
РЕКРИСТАЛЛИЗАЦИЯ АУСТЕНИТА,РЕКРИСТАЛЛИЗАЦИЯ АУСТЕНИТА,ТЕХНОЛОГИЧЕСКИЙ_ПРОЦЕСС,ТЕХНОЛОГИЧЕСКИЙ_ПРОЦЕСС,kept,
РЕКРИСТАЛЛИЗАЦИЯ ГОРЯЧЕДЕФОРМИРОВАННОГО АУСТЕНИТА,РЕКРИСТАЛЛИЗАЦИЯ ГОРЯЧЕДЕФОРМИРОВАННОГО АУСТЕНИТА,ТЕХНОЛОГИЧЕСКИЙ_ПРОЦЕСС,ТЕХНОЛОГИЧЕСКИЙ_ПРОЦЕСС,kept,
РЕКРИСТАЛЛИЗОВАННЫЕ ЗЕРНА ФЕРРИТА,РЕКРИСТАЛЛИЗОВАННЫЕ ЗЕРНА ФЕРРИТА,МИКРОСТРУКТУРА,МИКРОСТРУКТУРА,kept,
РЕНТГЕНОВСКАЯ ДИФРАКТОМЕТРИЯ,РЕНТГЕНОВСКАЯ ДИФРАКТОМЕТРИЯ,ТЕХНОЛОГИЧЕСКИЙ_ПРОЦЕСС,ТЕХНОЛОГИЧЕСКИЙ_ПРОЦЕСС,kept,
РИТНО-ПЕРЛИТНАЯ СТРУКТУРА,РИТНО-ПЕРЛИТНАЯ СТРУКТУРА,МИКРОСТРУКТУРА,МИКРОСТРУКТУРА,kept,
РОСТ ЗЕРНА,РОСТ ЗЕРНА,ТЕХНОЛОГИЧЕСКИЙ_ПРОЦЕСС,ТЕХНОЛОГИЧЕСКИЙ_ПРОЦЕСС,kept,
РОСТ ЗЕРНА АУСТЕНИТА,РОСТ ЗЕРНА АУСТЕНИТА,МИКРОСТРУКТУРА,МИКРОСТРУКТУРА,kept,
СВАРИВАЕМОСТЬ,СВАРИВАЕМОСТЬ,СВОЙСТВО,СВОЙСТВО,kept,
СВАРКА,СВАРКА,ТЕХНОЛОГИЧЕСКИЙ_ПРОЦЕСС,ТЕХНОЛОГИЧЕСКИЙ_ПРОЦЕСС,kept,
СВАРОЧНЫЕ ТРЕЩИНЫ,СВАРОЧНЫЕ ТРЕЩИНЫ,МИКРОСТРУКТУРА,МИКРОСТРУКТУРА,kept,
СВАРОЧНЫЙ НАГРЕВ,СВАРОЧНЫЙ НАГРЕВ,ТЕХНОЛОГИЧЕСКИЙ_ПРОЦЕСС,ТЕХНОЛОГИЧЕСКИЙ_ПРОЦЕСС,kept,
СВОЙСТВА СВАРНЫХ СОЕДИНЕНИЙ,СВОЙСТВА СВАРНЫХ СОЕДИНЕНИЙ,СВОЙСТВО,СВОЙСТВО,kept,
СЕГРЕГАЦИИ ФОСФОРА,СЕГРЕГАЦИИ ФОСФОРА,МИКРОСТРУКТУРА,МИКРОСТРУКТУРА,kept,
СЕГРЕГАЦИЯ ФОСФОРА,СЕГРЕГАЦИЯ ФОСФОРА,СОЕДИНЕНИЕ,СОЕДИНЕНИЕ,kept,
СЕЛЕН,СЕЛЕН,ХИМИЧЕСКИЙ_ЭЛЕМЕНТ,ХИМИЧЕСКИЙ_ЭЛЕМЕНТ,kept,
СЕРА,СЕРА,ХИМИЧЕСКИЙ_ЭЛЕМЕНТ,ХИМИЧЕСКИЙ_ЭЛЕМЕНТ,kept,
СЕРНИЙ,СЕРНИЙ,ХИМИЧЕСКИЙ_ЭЛЕМЕНТ,ХИМИЧЕСКИЙ_ЭЛЕМЕНТ,kept,
СЕРОВОДОРОД,СЕРОВОДОРОД,СОЕДИНЕНИЕ,СОЕДИНЕНИЕ,kept,
СЕРУ,СЕРУ,ХИМИЧЕСКИЙ_ЭЛЕМЕНТ,ХИМИЧЕСКИЙ_ЭЛЕМЕНТ,kept,
СЕРЫ,СЕРЫ,ХИМИЧЕСКИЙ_ЭЛЕМЕНТ,ХИМИЧЕСКИЙ_ЭЛЕМЕНТ,kept,
СЕРЫЙ,СЕРЫЙ,ХИМИЧЕСКИЙ_ЭЛЕМЕНТ,ХИМИЧЕСКИЙ_ЭЛЕМЕНТ,kept,
СЕРЫЙ СОДЕРЖАНИЕ,СЕРЫЙ СОДЕРЖАНИЕ,СВОЙСТВО,СВОЙСТВО,kept,
СИЛИЦИЙ,СИЛИЦИЙ,ХИМИЧЕСКИЙ_ЭЛЕМЕНТ,ХИМИЧЕСКИЙ_ЭЛЕМЕНТ,kept,
СИСТЕМА ЛЕГИРОВАНИЯ И МИКРОЛЕГИРОВАНИЯ ЛИСТОВОЙ СТАЛИ,СИСТЕМА ЛЕГИРОВАНИЯ И МИКРОЛЕГИРОВАНИЯ ЛИСТОВОЙ СТАЛИ,МАТЕРИАЛ,МАТЕРИАЛ,kept,
СКОРОСТЬ ЗАРОЖДЕНИЯ,СКОРОСТЬ ЗАРОЖДЕНИЯ,СВОЙСТВО,СВОЙСТВО,kept,
СКОРОСТЬ ОХЛАЖДЕНИЯ,СКОРОСТЬ ОХЛАЖДЕНИЯ,СВОЙСТВО,СВОЙСТВО,kept,
СКОРОСТЬ ОХЛАЖДЕНИЯ ОТ ТЕМПЕРАТУРЫ КОНЦА ПРОКАТКИ,СКОРОСТЬ ОХЛАЖДЕНИЯ ОТ ТЕМПЕРАТУРЫ КОНЦА ПРОКАТКИ,МИКРОСТРУКТУРА,МИКРОСТРУКТУРА,kept,
СЛЯБЫ,СЛЯБЫ,МАТЕРИАЛ,МАТЕРИАЛ,kept,
СМЕС,СМЕС,МИКРОСТРУКТУРА,МИКРОСТРУКТУРА,kept,
СМОТКА ПОЛОСЫ В РУЛОН,СМОТКА ПОЛОСЫ В РУЛОН,ТЕХНОЛОГИЧЕСКИЙ_ПРОЦЕСС,ТЕХНОЛОГИЧЕСКИЙ_ПРОЦЕСС,kept,
СОБИРАТЕЛЬНАЯ РЕКРИСТАЛЛИЗАЦИЯ,СОБИРАТЕЛЬНАЯ РЕКРИСТАЛЛИЗАЦИЯ,ТЕХНОЛОГИЧЕСКИЙ_ПРОЦЕСС,ТЕХНОЛОГИЧЕСКИЙ_ПРОЦЕСС,kept,
СОВРЕМЕННАЯ ТРУБНАЯ НИОБИЙСОДЕРЖАЩАЯ СТАЛЬ КАТЕГОРИИ X80,СОВРЕМЕННАЯ ТРУБНАЯ НИОБИЙСОДЕРЖАЩАЯ СТАЛЬ КАТЕГОРИИ X80,МАТЕРИАЛ,МАТЕРИАЛ,kept,
СОПРОТИВЛЕНИЕ ДЕФОРМИРОВАНИЮ МЕТАЛЛИЧЕСКОЙ МАТРИЦЫ,СОПРОТИВЛЕНИЕ ДЕФОРМИРОВАНИЮ МЕТАЛЛИЧЕСКОЙ МАТРИЦЫ,СВОЙСТВО,СВОЙСТВО,kept,
СОПРОТИВЛЕНИЕ ДЕФОРМИРОВАНИЮ СУЛЬФИДОВ МАРГАНЦА,СОПРОТИВЛЕНИЕ ДЕФОРМИРОВАНИЮ СУЛЬФИДОВ МАРГАНЦА,СВОЙСТВО,СВОЙСТВО,kept,
СОПРОТИВЛЕНИЕ РАЗРУШЕНИЮ,СОПРОТИВЛЕНИЕ РАЗРУШЕНИЮ,СВОЙСТВО,СВОЙСТВО,kept,
СОПРОТИВЛЕНИЕ ХРУПКОМУ РАЗРУШЕНИЮ,СОПРОТИВЛЕНИЕ ХРУПКОМУ РАЗРУШЕНИЮ,СВОЙСТВО,СВОЙСТВО,kept,
СОРБИТЕЛЬНАЯ РЕКРИСТАЛЛИЗАЦИЯ,СОРБИТЕЛЬНАЯ РЕКРИСТАЛЛИЗАЦИЯ,ТЕХНОЛОГИЧЕСКИЙ_ПРОЦЕСС,ТЕХНОЛОГИЧЕСКИЙ_ПРОЦЕСС,kept,
СОСТАВЛЯЮЩИЕ СТРУКТУРЫ,СОСТАВЛЯЮЩИЕ СТРУКТУРЫ,МИКРОСТРУКТУРА,МИКРОСТРУКТУРА,kept,
СПАЙ ТЕРМОПАРЫ,СПАЙ ТЕРМОПАРЫ,МИКРОСТРУКТУРА,МИКРОСТРУКТУРА,kept,
СПЛАВ,СПЛАВ,МАТЕРИАЛ,МАТЕРИАЛ,kept,
СПЛОШНОСТЬ МЕТАЛЛА,СПЛОШНОСТЬ МЕТАЛЛА,СВОЙСТВО,СВОЙСТВО,kept,
СПОСОБ ИЗМЕЛЬЧЕНИЯ КОНЕЧНОЙ СТРУКТУРЫ,СПОСОБ ИЗМЕЛЬЧЕНИЯ КОНЕЧНОЙ СТРУКТУРЫ,ТЕХНОЛОГИЧЕСКИЙ_ПРОЦЕСС,ТЕХНОЛОГИЧЕСКИЙ_ПРОЦЕСС,kept,
СРАВНИТЕЛЬНАЯ С-МN-NB-V-СТАЛЬ ТИПА 10Г2ФБ,СРАВНИТЕЛЬНАЯ С-МN-NB-V-СТАЛЬ ТИПА 10Г2ФБ,МАТЕРИАЛ,МАТЕРИАЛ,kept,
СРАВНИТЕЛЬНАЯ СТАЛЬ 10Г2ФБ,СРАВНИТЕЛЬНАЯ СТАЛЬ 10Г2ФБ,МАТЕРИАЛ,МАТЕРИАЛ,kept,
СРЕДНЯЯ СКОРОСТЬ ОХЛАЖДЕНИЯ ДО ТЕМПЕРАТУР 750-550 °C,СРЕДНЯЯ СКОРОСТЬ ОХЛАЖДЕНИЯ ДО ТЕМПЕРАТУР 750-550 °C,МИКРОСТРУКТУРА,МИКРОСТРУКТУРА,kept,
СТАЛИ,СТАЛИ,МАТЕРИАЛ,МАТЕРИАЛ,kept,
СТАЛИ 05Г2МФБ,СТАЛИ 05Г2МФБ,МАТЕРИАЛ,МАТЕРИАЛ,kept,
СТАЛИ 05Г2МФБ И К60,СТАЛИ 05Г2МФБ И К60,МАТЕРИАЛ,МАТЕРИАЛ,kept,
СТАЛИ 10Г2ФБ,СТАЛИ 10Г2ФБ,МАТЕРИАЛ,МАТЕРИАЛ,kept,
СТАЛИ ДЛЯ АВТОМОБИЛЬНОЙ ПРОМЫШЛЕННОСТИ,СТАЛИ ДЛЯ АВТОМОБИЛЬНОЙ ПРОМЫШЛЕННОСТИ,МАТЕРИАЛ,МАТЕРИАЛ,kept,
СТАЛИ ДЛЯ СТРОИТЕЛЬНЫХ КОНСТРУКЦИЙ,СТАЛИ ДЛЯ СТРОИТЕЛЬНЫХ КОНСТРУКЦИЙ,МАТЕРИАЛ,МАТЕРИАЛ,kept,
СТАЛИ ДЛЯ ТРУБ БОЛЬШОГО ДИАМЕТРА,СТАЛИ ДЛЯ ТРУБ БОЛЬШОГО ДИАМЕТРА,МАТЕРИАЛ,МАТЕРИАЛ,kept,
СТАЛИ ДЛЯ ТРУБОПРОВОДОВ,СТАЛИ ДЛЯ ТРУБОПРОВОДОВ,МАТЕРИАЛ,МАТЕРИАЛ,kept,
СТАЛИ К65,СТАЛИ К65,МАТЕРИАЛ,МАТЕРИАЛ,kept,
СТАЛИ КЛАССА ПРОЧНОСТИ К65,СТАЛИ КЛАССА ПРОЧНОСТИ К65,МАТЕРИАЛ,МАТЕРИАЛ,kept,
СТАЛИ С ПОВЫШЕННЫМ СОДЕРЖАНИЕМ УГЛЕРОДА,СТАЛИ С ПОВЫШЕННЫМ СОДЕРЖАНИЕМ УГЛЕРОДА,МАТЕРИАЛ,МАТЕРИАЛ,kept,
СТАЛИ ФЕРРИТНО-БАЙНИТНОГО КЛАССА,СТАЛИ ФЕРРИТНО-БАЙНИТНОГО КЛАССА,МАТЕРИАЛ,МАТЕРИАЛ,kept,
СТАЛИ ФЕРРИТНО-БЕЙНИТНОГО КЛАССА,СТАЛИ ФЕРРИТНО-БЕЙНИТНОГО КЛАССА,МАТЕРИАЛ,МАТЕРИАЛ,kept,
СТАЛИ ФЕРРИТНО-ПЕРЛИТНОГО КЛАССА,СТАЛИ ФЕРРИТНО-ПЕРЛИТНОГО КЛАССА,МАТЕРИАЛ,МАТЕРИАЛ,kept,
"СТАЛИ, ПОДВЕРГНУТЫЕ КОНТРОЛИРУЕМОЙ ПРОКАТКЕ","СТАЛИ, ПОДВЕРГНУТЫЕ КОНТРОЛИРУЕМОЙ ПРОКАТКЕ",МАТЕРИАЛ,МАТЕРИАЛ,kept,
СТАЛЬ,СТАЛЬ,МАТЕРИАЛ,МАТЕРИАЛ,kept,
СТАЛЬ 05Г2МФБ,СТАЛЬ 05Г2МФБ,МАТЕРИАЛ,МАТЕРИАЛ,kept,
"СТАЛЬ 05Г2МФБ(0,19 % MO)","СТАЛЬ 05Г2МФБ(0,19 % MO)",МАТЕРИАЛ,МАТЕРИАЛ,kept,
"СТАЛЬ 05Г2МФБ(0,25 % MO)","СТАЛЬ 05Г2МФБ(0,25 % MO)",МАТЕРИАЛ,МАТЕРИАЛ,kept,
СТАЛЬ 10Г2ФБ,СТАЛЬ 10Г2ФБ,МАТЕРИАЛ,МАТЕРИАЛ,kept,
СТАЛЬ C-MN-MO-NB-V,СТАЛЬ C-MN-MO-NB-V,МАТЕРИАЛ,МАТЕРИАЛ,kept,
СТАЛЬ X80,СТАЛЬ X80,МАТЕРИАЛ,МАТЕРИАЛ,kept,
СТАЛЬ ВЫБРАННОГО КОМПОЗИЦИОННОГО СОСТАВА,СТАЛЬ ВЫБРАННОГО КОМПОЗИЦИОННОГО СОСТАВА,МАТЕРИАЛ,МАТЕРИАЛ,kept,
СТАЛЬ К60,СТАЛЬ К60,МАТЕРИАЛ,МАТЕРИАЛ,kept,
СТАЛЬ К65,СТАЛЬ К65,МАТЕРИАЛ,МАТЕРИАЛ,kept,
СТАЛЬ К65 (X80),СТАЛЬ К65 (X80),МАТЕРИАЛ,МАТЕРИАЛ,kept,
СТАЛЬ КАТЕГОРИИ X70,СТАЛЬ КАТЕГОРИИ X70,МАТЕРИАЛ,МАТЕРИАЛ,kept,
СТАЛЬ КАТЕГОРИИ ПРОЧНОСТИ К60,СТАЛЬ КАТЕГОРИИ ПРОЧНОСТИ К60,МАТЕРИАЛ,МАТЕРИАЛ,kept,
СТАЛЬ КАТЕГОРИИ ПРОЧНОСТИ К65,СТАЛЬ КАТЕГОРИИ ПРОЧНОСТИ К65,МАТЕРИАЛ,МАТЕРИАЛ,kept,
СТАЛЬ ПЛАВКИ 2,СТАЛЬ ПЛАВКИ 2,МАТЕРИАЛ,МАТЕРИАЛ,kept,
СТАЛЬ ПЛАВКИ 5,СТАЛЬ ПЛАВКИ 5,МАТЕРИАЛ,МАТЕРИАЛ,kept,
"СТАЛЬ С 0,03% С","СТАЛЬ С 0,03% С",МАТЕРИАЛ,МАТЕРИАЛ,kept,
"СТАЛЬ С 0,09% С","СТАЛЬ С 0,09% С",МАТЕРИАЛ,МАТЕРИАЛ,kept,
"СТАЛЬ С 0,16 % МО","СТАЛЬ С 0,16 % МО",МАТЕРИАЛ,МАТЕРИАЛ,kept,
"СТАЛЬ С 0,25 % МО","СТАЛЬ С 0,25 % МО",МАТЕРИАЛ,МАТЕРИАЛ,kept,
СТАЛЬ ТИПА 05Г2МФБ,СТАЛЬ ТИПА 05Г2МФБ,МАТЕРИАЛ,МАТЕРИАЛ,kept,
СТАЛЬ ТИПА 09Г2,СТАЛЬ ТИПА 09Г2,МАТЕРИАЛ,МАТЕРИАЛ,kept,
СТАЛЬ ТИПА 10Г2ФБ,СТАЛЬ ТИПА 10Г2ФБ,МАТЕРИАЛ,МАТЕРИАЛ,kept,
"СТАЛЬ, ПОДВЕРГНУТАЯ ТЕРМОМЕХАНИЧЕСКОЙ ПРОКАТКЕ","СТАЛЬ, ПОДВЕРГНУТАЯ ТЕРМОМЕХАНИЧЕСКОЙ ПРОКАТКЕ",МАТЕРИАЛ,МАТЕРИАЛ,kept,
СТАН 3600,СТАН 3600,ТЕХНОЛОГИЧЕСКИЙ_ПРОЦЕСС,ТЕХНОЛОГИЧЕСКИЙ_ПРОЦЕСС,kept,
СТАРЕНИЕ,СТАРЕНИЕ,ТЕХНОЛОГИЧЕСКИЙ_ПРОЦЕСС,ТЕХНОЛОГИЧЕСКИЙ_ПРОЦЕСС,kept,
СТАТИЧЕСКАЯ РЕКРИСТАЛЛИЗАЦИЯ,СТАТИЧЕСКАЯ РЕКРИСТАЛЛИЗАЦИЯ,ТЕХНОЛОГИЧЕСКИЙ_ПРОЦЕСС,ТЕХНОЛОГИЧЕСКИЙ_ПРОЦЕСС,kept,
СТАТИЧЕСКАЯ РЕКРИСТАЛЛИЗАЦИЯ АУСТЕНИТА,СТАТИЧЕСКАЯ РЕКРИСТАЛЛИЗАЦИЯ АУСТЕНИТА,ТЕХНОЛОГИЧЕСКИЙ_ПРОЦЕСС,ТЕХНОЛОГИЧЕСКИЙ_ПРОЦЕСС,kept,
СТАТИЧЕСКИЙ ВОЗВРАТ,СТАТИЧЕСКИЙ ВОЗВРАТ,ТЕХНОЛОГИЧЕСКИЙ_ПРОЦЕСС,ТЕХНОЛОГИЧЕСКИЙ_ПРОЦЕСС,kept,
СТАТИЧЕСКОЕ РАСТЯЖЕНИЕ,СТАТИЧЕСКОЕ РАСТЯЖЕНИЕ,ТЕХНОЛОГИЧЕСКИЙ_ПРОЦЕСС,ТЕХНОЛОГИЧЕСКИЙ_ПРОЦЕСС,kept,
СТОЙКОСТЬ К ХРУПКОМУ РАЗРУШЕНИЮ,СТОЙКОСТЬ К ХРУПКОМУ РАЗРУШЕНИЮ,СВОЙСТВО,СВОЙСТВО,kept,
СТРУКТУРА,СТРУКТУРА,МИКРОСТРУКТУРА,МИКРОСТРУКТУРА,kept,
СТРУКТУРА ИССЛЕДОВАННЫХ СТАЛЕЙ ФЕРРИТНО-БАЙНИТНОГО И ФЕРРИТНО-ПЕРЛИТНОГО КЛАССА,СТРУКТУРА ИССЛЕДОВАННЫХ СТАЛЕЙ ФЕРРИТНО-БАЙНИТНОГО И ФЕРРИТНО-ПЕРЛИТНОГО КЛАССА,МИКРОСТРУКТУРА,МИКРОСТРУКТУРА,kept,
СТРУКТУРА ЛИСТОВ ИЗ СТАЛИ 05Г2МФБ И К60,СТРУКТУРА ЛИСТОВ ИЗ СТАЛИ 05Г2МФБ И К60,МИКРОСТРУКТУРА,МИКРОСТРУКТУРА,kept,
СТРУКТУРА МЕТАЛЛА,СТРУКТУРА МЕТАЛЛА,МИКРОСТРУКТУРА,МИКРОСТРУКТУРА,kept,
СТРУКТУРНАЯ ФАЗА,СТРУКТУРНАЯ ФАЗА,МИКРОСТРУКТУРА,МИКРОСТРУКТУРА,kept,
СТРУКТУРНОЕ СОСТОЯНИЕ,СТРУКТУРНОЕ СОСТОЯНИЕ,МИКРОСТРУКТУРА,МИКРОСТРУКТУРА,kept,
СТРУКТУРНОЕ СОСТОЯНИЕ В ОСЕВОЙ ЗОНЕ ЛИСТОВ,СТРУКТУРНОЕ СОСТОЯНИЕ В ОСЕВОЙ ЗОНЕ ЛИСТОВ,МИКРОСТРУКТУРА,МИКРОСТРУКТУРА,kept,
СТРУКТУРНЫЕ НАПРЯЖЕНИЯ,СТРУКТУРНЫЕ НАПРЯЖЕНИЯ,СВОЙСТВО,СВОЙСТВО,kept,
СТРУКТУРООБРАЗОВАНИЕ,СТРУКТУРООБРАЗОВАНИЕ,МИКРОСТРУКТУРА,МИКРОСТРУКТУРА,kept,
СУБСТРУКТУРА,СУБСТРУКТУРА,МИКРОСТРУКТУРА,МИКРОСТРУКТУРА,kept,
СУЛЬФИДНЫЕ ВКЛЮЧЕНИЯ,СУЛЬФИДНЫЕ ВКЛЮЧЕНИЯ,МИКРОСТРУКТУРА,МИКРОСТРУКТУРА,kept,
СУЛЬФИДЫ,СУЛЬФИДЫ,СОЕДИНЕНИЕ,СОЕДИНЕНИЕ,kept,
СУЛЬФИДЫ МАРГАНЦА,СУЛЬФИДЫ МАРГАНЦА,СОЕДИНЕНИЕ,СОЕДИНЕНИЕ,kept,
ТАВЛЕНИЕ В РАСТВОРЕ LEPERA,ТАВЛЕНИЕ В РАСТВОРЕ LEPERA,ТЕХНОЛОГИЧЕСКИЙ_ПРОЦЕСС,ТЕХНОЛОГИЧЕСКИЙ_ПРОЦЕСС,kept,
ТВЕРДОЕ СОСТОЯНИЕ,ТВЕРДОЕ СОСТОЯНИЕ,МИКРОСТРУКТУРА,МИКРОСТРУКТУРА,kept,
ТВЕРДОСТЬ,ТВЕРДОСТЬ,СВОЙСТВО,СВОЙСТВО,kept,
ТВЕРДЫЙ РАСТВОР,ТВЕРДЫЙ РАСТВОР,МИКРОСТРУКТУРА,МИКРОСТРУКТУРА,kept,
ТВОРДОСТЬ,ТВОРДОСТЬ,СВОЙСТВО,СВОЙСТВО,kept,
"ТЕМПЕРАТУРА 0,1 °C/C","ТЕМПЕРАТУРА 0,1 °C/C",СВОЙСТВО,СВОЙСТВО,kept,
ТЕМПЕРАТУРА 1 °C/C,ТЕМПЕРАТУРА 1 °C/C,СВОЙСТВО,СВОЙСТВО,kept,
ТЕМПЕРАТУРА 10 °C/C,ТЕМПЕРАТУРА 10 °C/C,СВОЙСТВО,СВОЙСТВО,kept,
ТЕМПЕРАТУРА 1300 °C,ТЕМПЕРАТУРА 1300 °C,СВОЙСТВО,СВОЙСТВО,kept,
ТЕМПЕРАТУРА 290 °C/C,ТЕМПЕРАТУРА 290 °C/C,СВОЙСТВО,СВОЙСТВО,kept,
ТЕМПЕРАТУРА 530-540 °C,ТЕМПЕРАТУРА 530-540 °C,СВОЙСТВО,СВОЙСТВО,kept,
ТЕМПЕРАТУРА 7-40 °C/C,ТЕМПЕРАТУРА 7-40 °C/C,СВОЙСТВО,СВОЙСТВО,kept,
ТЕМПЕРАТУРА 90 °C/C,ТЕМПЕРАТУРА 90 °C/C,СВОЙСТВО,СВОЙСТВО,kept,
ТЕМПЕРАТУРА ~100 °C,ТЕМПЕРАТУРА ~100 °C,СВОЙСТВО,СВОЙСТВО,kept,
ТЕМПЕРАТУРА ~70 °C/С,ТЕМПЕРАТУРА ~70 °C/С,СВОЙСТВО,СВОЙСТВО,kept,
ТЕМПЕРАТУРА БОЛЕЕ 4 °C/C,ТЕМПЕРАТУРА БОЛЕЕ 4 °C/C,СВОЙСТВО,СВОЙСТВО,kept,
ТЕМПЕРАТУРА Г→А-ПРЕВРАЩЕНИЯ,ТЕМПЕРАТУРА Г→А-ПРЕВРАЩЕНИЯ,СВОЙСТВО,СВОЙСТВО,kept,
ТЕМПЕРАТУРА КОНЦА ПЕРЛИТНОГО ПРЕВРАЩЕНИЯ,ТЕМПЕРАТУРА КОНЦА ПЕРЛИТНОГО ПРЕВРАЩЕНИЯ,СВОЙСТВО,СВОЙСТВО,kept,
ТЕМПЕРАТУРА НАГРЕВА,ТЕМПЕРАТУРА НАГРЕВА,СВОЙСТВО,СВОЙСТВО,kept,
ТЕМПЕРАТУРА НАЧАЛА БЕЙНИТНОГО ПРЕВРАЩЕНИЯ,ТЕМПЕРАТУРА НАЧАЛА БЕЙНИТНОГО ПРЕВРАЩЕНИЯ,СВОЙСТВО,СВОЙСТВО,kept,
ТЕМПЕРАТУРА НАЧАЛА ВЫДЕЛЕНИЯ БЕЙНИТА,ТЕМПЕРАТУРА НАЧАЛА ВЫДЕЛЕНИЯ БЕЙНИТА,СВОЙСТВО,СВОЙСТВО,kept,
ТЕМПЕРАТУРА НАЧАЛА ВЫДЕЛЕНИЯ МАРТЕНСИТА,ТЕМПЕРАТУРА НАЧАЛА ВЫДЕЛЕНИЯ МАРТЕНСИТА,СВОЙСТВО,СВОЙСТВО,kept,
ТЕМПЕРАТУРА НАЧАЛА ВЫДЕЛЕНИЯ ПЕРЛИТА,ТЕМПЕРАТУРА НАЧАЛА ВЫДЕЛЕНИЯ ПЕРЛИТА,СВОЙСТВО,СВОЙСТВО,kept,
ТЕМПЕРАТУРА НАЧАЛА ВЫДЕЛЕНИЯ ФЕРРИТА,ТЕМПЕРАТУРА НАЧАЛА ВЫДЕЛЕНИЯ ФЕРРИТА,СВОЙСТВО,СВОЙСТВО,kept,
ТЕМПЕРАТУРА НАЧАЛА МАРТЕНСИТНОГО ПРЕВРАЩЕНИЯ,ТЕМПЕРАТУРА НАЧАЛА МАРТЕНСИТНОГО ПРЕВРАЩЕНИЯ,СВОЙСТВО,СВОЙСТВО,kept,
ТЕМПЕРАТУРА НАЧАЛА ПЕРЛИТНОГО ПРЕВРАЩЕНИЯ,ТЕМПЕРАТУРА НАЧАЛА ПЕРЛИТНОГО ПРЕВРАЩЕНИЯ,СВОЙСТВО,СВОЙСТВО,kept,
ТЕМПЕРАТУРА НАЧАЛА ПРЕВРАЩЕНИЯ,ТЕМПЕРАТУРА НАЧАЛА ПРЕВРАЩЕНИЯ,СВОЙСТВО,СВОЙСТВО,kept,
ТЕМПЕРАТУРА НАЧАЛА РАСПАДА АУСТЕНИТА,ТЕМПЕРАТУРА НАЧАЛА РАСПАДА АУСТЕНИТА,СВОЙСТВО,СВОЙСТВО,kept,
ТЕМПЕРАТУРА НАЧАЛА ФЕРРИТНОГО ПРЕВРАЩЕНИЯ,ТЕМПЕРАТУРА НАЧАЛА ФЕРРИТНОГО ПРЕВРАЩЕНИЯ,СВОЙСТВО,СВОЙСТВО,kept,
ТЕМПЕРАТУРА НЕ НИЖЕ 400 °C,ТЕМПЕРАТУРА НЕ НИЖЕ 400 °C,СВОЙСТВО,СВОЙСТВО,kept,
ТЕМПЕРАТУРА ОТПУСКА,ТЕМПЕРАТУРА ОТПУСКА,СВОЙСТВО,СВОЙСТВО,kept,
ТЕМПЕРАТУРА ПЕРЕХОДА ОТ ВЯЗКОГО РАЗРУШЕНИЯ К ХРУПКОМУ,ТЕМПЕРАТУРА ПЕРЕХОДА ОТ ВЯЗКОГО РАЗРУШЕНИЯ К ХРУПКОМУ,СВОЙСТВО,СВОЙСТВО,kept,
ТЕМПЕРАТУРА РЕКРИСТАЛЛИЗАЦИИ,ТЕМПЕРАТУРА РЕКРИСТАЛЛИЗАЦИИ,СВОЙСТВО,СВОЙСТВО,kept,
ТЕМПЕРАТУРА ФОРМИРОВАНИЯ ЧАСТИЦ,ТЕМПЕРАТУРА ФОРМИРОВАНИЯ ЧАСТИЦ,СВОЙСТВО,СВОЙСТВО,kept,
ТЕМПЕРАТУРНО-ДЕФОРМАЦИОННЫЕ ПАРАМЕТРЫ НАГРЕВА И ДЕФОРМАЦИИ,ТЕМПЕРАТУРНО-ДЕФОРМАЦИОННЫЕ ПАРАМЕТРЫ НАГРЕВА И ДЕФОРМАЦИИ,СВОЙСТВО,СВОЙСТВО,kept,
ТЕМПЕРАТУРНЫЕ РЕЖИМЫ ДЕФОРМАЦИИ,ТЕМПЕРАТУРНЫЕ РЕЖИМЫ ДЕФОРМАЦИИ,ТЕХНОЛОГИЧЕСКИЙ_ПРОЦЕСС,ТЕХНОЛОГИЧЕСКИЙ_ПРОЦЕСС,kept,
ТЕМПЕРАТУРНЫЙ ИНТЕРВАЛ СКОРОСТЕЙ ОХЛАЖДЕНИЯ ПРИ СВАРКЕ,ТЕМПЕРАТУРНЫЙ ИНТЕРВАЛ СКОРОСТЕЙ ОХЛАЖДЕНИЯ ПРИ СВАРКЕ,МИКРОСТРУКТУРА,МИКРОСТРУКТУРА,kept,
ТЕМПЕРАТУРЫ НИЖЕ 740 °C,ТЕМПЕРАТУРЫ НИЖЕ 740 °C,СВОЙСТВО,СВОЙСТВО,kept,
ТЕРМИЧЕСКАЯ ОБРАБОТКА,ТЕРМИЧЕСКАЯ ОБРАБОТКА,ТЕХНОЛОГИЧЕСКИЙ_ПРОЦЕСС,ТЕХНОЛОГИЧЕСКИЙ_ПРОЦЕСС,kept,
ТЕРМИЧЕСКИ МЕХАНИЧЕСКИ КОНТРОЛИРУЕМЫЙ ПРОЦЕСС,ТЕРМИЧЕСКИ МЕХАНИЧЕСКИ КОНТРОЛИРУЕМЫЙ ПРОЦЕСС,ТЕХНОЛОГИЧЕСКИЙ_ПРОЦЕСС,ТЕХНОЛОГИЧЕСКИЙ_ПРОЦЕСС,kept,
ТЕРМИЧЕСКИЕ КРИВЫЕ,ТЕРМИЧЕСКИЕ КРИВЫЕ,ТЕХНОЛОГИЧЕСКИЙ_ПРОЦЕСС,ТЕХНОЛОГИЧЕСКИЙ_ПРОЦЕСС,kept,
ТЕРМИЧЕСКИЕ УСЛОВИЯ СВАРКИ,ТЕРМИЧЕСКИЕ УСЛОВИЯ СВАРКИ,ТЕХНОЛОГИЧЕСКИЙ_ПРОЦЕСС,ТЕХНОЛОГИЧЕСКИЙ_ПРОЦЕСС,kept,
ТЕРМИЧЕСКИЕ ЦИКЛЫ,ТЕРМИЧЕСКИЕ ЦИКЛЫ,ТЕХНОЛОГИЧЕСКИЙ_ПРОЦЕСС,ТЕХНОЛОГИЧЕСКИЙ_ПРОЦЕСС,kept,
ТЕРМОДИФФУЗИОННАЯ ОБРАБОТКА ЛИСТОВ,ТЕРМОДИФФУЗИОННАЯ ОБРАБОТКА ЛИСТОВ,ТЕХНОЛОГИЧЕСКИЙ_ПРОЦЕСС,ТЕХНОЛОГИЧЕСКИЙ_ПРОЦЕСС,kept,
ТЕРМОДИФФУЗИОННАЯ ОБРАБОТКА ПРОКАТА,ТЕРМОДИФФУЗИОННАЯ ОБРАБОТКА ПРОКАТА,ТЕХНОЛОГИЧЕСКИЙ_ПРОЦЕСС,ТЕХНОЛОГИЧЕСКИЙ_ПРОЦЕСС,kept,
ТЕРМОКИНЕТИЧЕСКАЯ ДИАГРАММА,ТЕРМОКИНЕТИЧЕСКАЯ ДИАГРАММА,МИКРОСТРУКТУРА,МИКРОСТРУКТУРА,kept,
ТЕРМОКИНЕТИЧЕСКАЯ ДИАГРАММА ПРЕВРАЩЕНИЯ АУСТЕНИТА,ТЕРМОКИНЕТИЧЕСКАЯ ДИАГРАММА ПРЕВРАЩЕНИЯ АУСТЕНИТА,МИКРОСТРУКТУРА,МИКРОСТРУКТУРА,kept,
ТЕРМОМЕХАНИЧЕСКАЯ КОНТРОЛИРУЕМАЯ ПРОКАТКА,ТЕРМОМЕХАНИЧЕСКАЯ КОНТРОЛИРУЕМАЯ ПРОКАТКА,ТЕХНОЛОГИЧЕСКИЙ_ПРОЦЕСС,ТЕХНОЛОГИЧЕСКИЙ_ПРОЦЕСС,kept,
ТЕРМОМЕХАНИЧЕСКАЯ ОБРАБОТКА,ТЕРМОМЕХАНИЧЕСКАЯ ОБРАБОТКА,ТЕХНОЛОГИЧЕСКИЙ_ПРОЦЕСС,ТЕХНОЛОГИЧЕСКИЙ_ПРОЦЕСС,kept,
ТЕРМОМЕХАНИЧЕСКАЯ ПРОКАТКА,ТЕРМОМЕХАНИЧЕСКАЯ ПРОКАТКА,ТЕХНОЛОГИЧЕСКИЙ_ПРОЦЕСС,ТЕХНОЛОГИЧЕСКИЙ_ПРОЦЕСС,kept,
ТЕРМОМЕХАНИЧЕСКИЙ КОНТРОЛИРУЕМЫЙ ПРОЦЕСС,ТЕРМОМЕХАНИЧЕСКИЙ КОНТРОЛИРУЕМЫЙ ПРОЦЕСС,ТЕХНОЛОГИЧЕСКИЙ_ПРОЦЕСС,ТЕХНОЛОГИЧЕСКИЙ_ПРОЦЕСС,kept,
ТЕРМОПАРЫ,ТЕРМОПАРЫ,МАТЕРИАЛ,МАТЕРИАЛ,kept,
ТЕРМОЭЛЕКТРОДВИЖУЩАЯ СИЛА,ТЕРМОЭЛЕКТРОДВИЖУЩАЯ СИЛА,СВОЙСТВО,СВОЙСТВО,kept,
ТЕХНИЧЕСКИЕ ТРЕБОВАНИЯ ТТ 232-02-2003,ТЕХНИЧЕСКИЕ ТРЕБОВАНИЯ ТТ 232-02-2003,СОЕДИНЕНИЕ,СОЕДИНЕНИЕ,kept,
ТЕХНИЧЕСКИЕ ТРЕБОВАНИЯ ТТ 232-02-2003 ХАРЦИЗСКОГО ТРУБНОГО ЗАВОДА,ТЕХНИЧЕСКИЕ ТРЕБОВАНИЯ ТТ 232-02-2003 ХАРЦИЗСКОГО ТРУБНОГО ЗАВОДА,СОЕДИНЕНИЕ,СОЕДИНЕНИЕ,kept,
ТЕХНОЛОГИЧЕСКИЙ_ПРОЦЕСС,ТЕХНОЛОГИЧЕСКИЙ ПРОЦЕСС,МИКРОСТРУКТУРА,МИКРОСТРУКТУРА,kept,
ТЕЧЕНИЕ,ТЕЧЕНИЕ,СВОЙСТВО,СВОЙСТВО,kept,
ТИП СТРУКТУРЫ,ТИП СТРУКТУРЫ,МИКРОСТРУКТУРА,МИКРОСТРУКТУРА,kept,
ТИТАН,ТИТАН,ХИМИЧЕСКИЙ_ЭЛЕМЕНТ,ХИМИЧЕСКИЙ_ЭЛЕМЕНТ,kept,
ТИТАН НИОБИЙ,ТИТАН НИОБИЙ,МАТЕРИАЛ,МАТЕРИАЛ,kept,
ТИТКАРБИД,ТИТКАРБИД,СОЕДИНЕНИЕ,СОЕДИНЕНИЕ,kept,
ТИТРАН,ТИТРАН,ХИМИЧЕСКИЙ_ЭЛЕМЕНТ,ХИМИЧЕСКИЙ_ЭЛЕМЕНТ,kept,
ТМКП,ТМКП,ТЕХНОЛОГИЧЕСКИЙ_ПРОЦЕСС,ТЕХНОЛОГИЧЕСКИЙ_ПРОЦЕСС,kept,
ТМКП+О,ТМКП+О,ТЕХНОЛОГИЧЕСКИЙ_ПРОЦЕСС,ТЕХНОЛОГИЧЕСКИЙ_ПРОЦЕСС,kept,
ТОЛСТОЛИСТОВОЙ РЕВЕРСИБНЫЙ СТАН 3600,ТОЛСТОЛИСТОВОЙ РЕВЕРСИБНЫЙ СТАН 3600,ТЕХНОЛОГИЧЕСКИЙ_ПРОЦЕСС,ТЕХНОЛОГИЧЕСКИЙ_ПРОЦЕСС,kept,
ТОЧЕНИЕ,ТОЧЕНИЕ,ТЕХНОЛОГИЧЕСКИЙ_ПРОЦЕСС,ТЕХНОЛОГИЧЕСКИЙ_ПРОЦЕСС,kept,
ТРАНСКРИСТАЛЛИТНЫЙ КВАЗИСКОЛ,ТРАНСКРИСТАЛЛИТНЫЙ КВАЗИСКОЛ,МИКРОСТРУКТУРА,МИКРОСТРУКТУРА,kept,
ТРАНСКРИСТАЛЛИТНЫЙ СКОЛ,ТРАНСКРИСТАЛЛИТНЫЙ СКОЛ,МИКРОСТРУКТУРА,МИКРОСТРУКТУРА,kept,
ТРЕБОВАНИЯ К МЕХАНИЧЕСКИМ СВОЙСТВАМ ЛИСТОВОЙ СТАЛИ,ТРЕБОВАНИЯ К МЕХАНИЧЕСКИМ СВОЙСТВАМ ЛИСТОВОЙ СТАЛИ,ТЕХНОЛОГИЧЕСКИЙ_ПРОЦЕСС,ТЕХНОЛОГИЧЕСКИЙ_ПРОЦЕСС,kept,
ТРЕЩИНЫ,ТРЕЩИНЫ,МИКРОСТРУКТУРА,МИКРОСТРУКТУРА,kept,
ТРУБА,ТРУБА,МАТЕРИАЛ,МАТЕРИАЛ,kept,
ТРУБНЫЙ ПЕРЕДЕЛ,ТРУБНЫЙ ПЕРЕДЕЛ,ТЕХНОЛОГИЧЕСКИЙ_ПРОЦЕСС,ТЕХНОЛОГИЧЕСКИЙ_ПРОЦЕСС,kept,
ТРУБОПРОВОДЫ,ТРУБОПРОВОДЫ,МАТЕРИАЛ,МАТЕРИАЛ,kept,
ТРУБЫ,ТРУБЫ,МАТЕРИАЛ,МАТЕРИАЛ,kept,
УВЕЛИЧЕНИЕ ПРОЧНОСТИ ПРОДУКТОВ РАСПАДА АУСТЕНИТА,УВЕЛИЧЕНИЕ ПРОЧНОСТИ ПРОДУКТОВ РАСПАДА АУСТЕНИТА,СВОЙСТВО,СВОЙСТВО,kept,
УГЛЕРОД,УГЛЕРОД,ХИМИЧЕСКИЙ_ЭЛЕМЕНТ,ХИМИЧЕСКИЙ_ЭЛЕМЕНТ,kept,
УГЛЕРОДНЫЙ ЭКВИВАЛЕНТ,УГЛЕРОДНЫЙ ЭКВИВАЛЕНТ,СОЕДИНЕНИЕ,СОЕДИНЕНИЕ,kept,
УГЛЕРОДНЫЙ ЭКВИВАЛЕНТ CE,УГЛЕРОДНЫЙ ЭКВИВАЛЕНТ CE,СВОЙСТВО,СВОЙСТВО,kept,
УДАРНАЯ ВЯЗКОСТЬ,УДАРНАЯ ВЯЗКОСТЬ,СВОЙСТВО,СВОЙСТВО,kept,
УДАРНАЯ ВЯЗКОСТЬ KCV,УДАРНАЯ ВЯЗКОСТЬ KCV,СВОЙСТВО,СВОЙСТВО,kept,
УДАРНАЯ ВЯЗКОСТЬ МЕТАЛЛА,УДАРНАЯ ВЯЗКОСТЬ МЕТАЛЛА,СВОЙСТВО,СВОЙСТВО,kept,
УДАРНАЯ ВЯЗКОСТЬ ОКОЛОШОВНОЙ ЗОНЫ,УДАРНАЯ ВЯЗКОСТЬ ОКОЛОШОВНОЙ ЗОНЫ,СВОЙСТВО,СВОЙСТВО,kept,
УДЕЛЬНАЯ ЭФФЕКТИВНАЯ ПОВЕРХНОСТЬ,УДЕЛЬНАЯ ЭФФЕКТИВНАЯ ПОВЕРХНОСТЬ,МИКРОСТРУКТУРА,МИКРОСТРУКТУРА,kept,
УДЕЛЬНАЯ ЭФФЕКТИВНАЯ ПОВЕРХНОСТЬ АУСТЕНИТА,УДЕЛЬНАЯ ЭФФЕКТИВНАЯ ПОВЕРХНОСТЬ АУСТЕНИТА,СВОЙСТВО,СВОЙСТВО,kept,
УДЕЛЬНАЯ ЭФФЕКТИВНАЯ ПОВЕРХНОСТЬ РАЗДЕЛА,УДЕЛЬНАЯ ЭФФЕКТИВНАЯ ПОВЕРХНОСТЬ РАЗДЕЛА,МИКРОСТРУКТУРА,МИКРОСТРУКТУРА,kept,
"УДЕЛЬНОЕ ВРЕМЯ 2,0 МИН/ММ","УДЕЛЬНОЕ ВРЕМЯ 2,0 МИН/ММ",СВОЙСТВО,СВОЙСТВО,kept,
УДЛИНЕНИЕ ЛЮДЕРСА,УДЛИНЕНИЕ ЛЮДЕРСА,СВОЙСТВО,СВОЙСТВО,kept,
УДЛИНЕННЫЕ СУЛЬФИДЫ МАРГАНЦА,УДЛИНЕННЫЕ СУЛЬФИДЫ МАРГАНЦА,МИКРОСТРУКТУРА,МИКРОСТРУКТУРА,kept,
УЛЬТРАЗВУКОВОЙ КОНТРОЛЬ,УЛЬТРАЗВУКОВОЙ КОНТРОЛЬ,ТЕХНОЛОГИЧЕСКИЙ_ПРОЦЕСС,ТЕХНОЛОГИЧЕСКИЙ_ПРОЦЕСС,kept,
УПРОЧНЕНИЕ,УПРОЧНЕНИЕ,СВОЙСТВО,СВОЙСТВО,kept,
УПРОЧНЕНИЕ МЕТАЛЛА,УПРОЧНЕНИЕ МЕТАЛЛА,СВОЙСТВО,СВОЙСТВО,kept,
УПРОЧНЕНИЕ СТАЛИ,УПРОЧНЕНИЕ СТАЛИ,СВОЙСТВО,СВОЙСТВО,kept,
УПРОЧНЕНИЕ ФЕРРИТА,УПРОЧНЕНИЕ ФЕРРИТА,СВОЙСТВО,СВОЙСТВО,kept,
УПРУГИЕ ПОЛЯ НАПРЯЖЕНИЙ,УПРУГИЕ ПОЛЯ НАПРЯЖЕНИЙ,МИКРОСТРУКТУРА,МИКРОСТРУКТУРА,kept,
УПРУГО-ПЛАСТИЧЕСКОЕ ПОВЕДЕНИЕ МЕТАЛЛА,УПРУГО-ПЛАСТИЧЕСКОЕ ПОВЕДЕНИЕ МЕТАЛЛА,СВОЙСТВО,СВОЙСТВО,kept,
УСИЛЕНИЕ СТАЛИ,УСИЛЕНИЕ СТАЛИ,СВОЙСТВО,СВОЙСТВО,kept,
УСКОРЕННАЯ ОХЛАЖДЕНИЕ НАСТАНОВКА,УСКОРЕННАЯ ОХЛАЖДЕНИЕ НАСТАНОВКА,ТЕХНОЛОГИЧЕСКИЙ_ПРОЦЕСС,ТЕХНОЛОГИЧЕСКИЙ_ПРОЦЕСС,kept,
УСКОРЕННОЕ ОХЛАЖДЕНИЕ,УСКОРЕННОЕ ОХЛАЖДЕНИЕ,ТЕХНОЛОГИЧЕСКИЙ_ПРОЦЕСС,ТЕХНОЛОГИЧЕСКИЙ_ПРОЦЕСС,kept,
УСКОРЕННОЕ ОХЛАЖДЕНИЕ НАСТАНОВКА,УСКОРЕННОЕ ОХЛАЖДЕНИЕ НАСТАНОВКА,ТЕХНОЛОГИЧЕСКИЙ_ПРОЦЕСС,ТЕХНОЛОГИЧЕСКИЙ_ПРОЦЕСС,kept,
УСКОРЕННОЕ ОХЛАЖДЕНИЕ ПОСЛЕ ДЕФОРМАЦИИ,УСКОРЕННОЕ ОХЛАЖДЕНИЕ ПОСЛЕ ДЕФОРМАЦИИ,ТЕХНОЛОГИЧЕСКИЙ_ПРОЦЕСС,ТЕХНОЛОГИЧЕСКИЙ_ПРОЦЕСС,kept,
УСЛОВИЯ ОТПУСКА,УСЛОВИЯ ОТПУСКА,СВОЙСТВО,СВОЙСТВО,kept,
УСЛОВНЫЙ ПРЕДЕЛ ТЕКУЧЕСТИ,УСЛОВНЫЙ ПРЕДЕЛ ТЕКУЧЕСТИ,СВОЙСТВО,СВОЙСТВО,kept,
ФАЗА,ФАЗА,МИКРОСТРУКТУРА,МИКРОСТРУКТУРА,kept,
"ФАЗА NB(C,N)","ФАЗА NB(C,N)",СОЕДИНЕНИЕ,СОЕДИНЕНИЕ,kept,
ФАЗОВОЕ ПРЕВРАЩЕНИЕ,ФАЗОВОЕ ПРЕВРАЩЕНИЕ,ТЕХНОЛОГИЧЕСКИЙ_ПРОЦЕСС,ТЕХНОЛОГИЧЕСКИЙ_ПРОЦЕСС,kept,
ФАЗОВОЕ_ПРЕВРАЩЕНИЕ,ФАЗОВОЕ ПРЕВРАЩЕНИЕ,ТЕХНОЛОГИЧЕСКИЙ_ПРОЦЕСС,ТЕХНОЛОГИЧЕСКИЙ_ПРОЦЕСС,kept,
ФАЗОВЫЕ ПРЕВРАЩЕНИЯ,ФАЗОВЫЕ ПРЕВРАЩЕНИЯ,ТЕХНОЛОГИЧЕСКИЙ_ПРОЦЕСС,ТЕХНОЛОГИЧЕСКИЙ_ПРОЦЕСС,kept,
ФАЗОВЫЙ НАКЛЕП,ФАЗОВЫЙ НАКЛЕП,СВОЙСТВО,СВОЙСТВО,kept,
ФЕРРИТ,ФЕРРИТ,МИКРОСТРУКТУРА,МИКРОСТРУКТУРА,kept,
ФЕРРИТНАЯ ФАЗА,ФЕРРИТНАЯ ФАЗА,МИКРОСТРУКТУРА,МИКРОСТРУКТУРА,kept,
ФЕРРИТНО-БАЙНИТНАЯ СТРУКТУРА,ФЕРРИТНО-БАЙНИТНАЯ СТРУКТУРА,МИКРОСТРУКТУРА,МИКРОСТРУКТУРА,kept,
ФЕРРИТНО-БЕЙНИТНАЯ,ФЕРРИТНО-БЕЙНИТНАЯ,МИКРОСТРУКТУРА,МИКРОСТРУКТУРА,kept,
ФЕРРИТНО-БЕЙНИТНАЯ СМЕСЬ,ФЕРРИТНО-БЕЙНИТНАЯ СМЕСЬ,МИКРОСТРУКТУРА,МИКРОСТРУКТУРА,kept,
ФЕРРИТНО-БЕЙНИТНАЯ СТАЛЬ,ФЕРРИТНО-БЕЙНИТНАЯ СТАЛЬ,МАТЕРИАЛ,МАТЕРИАЛ,kept,
ФЕРРИТНО-БЕЙНИТНАЯ СТРУКТУРА,ФЕРРИТНО-БЕЙНИТНАЯ СТРУКТУРА,МИКРОСТРУКТУРА,МИКРОСТРУКТУРА,kept,
ФЕРРИТНО-БЕЙНИТНО-МАРТЕНСИТНАЯ СТРУКТУРА,ФЕРРИТНО-БЕЙНИТНО-МАРТЕНСИТНАЯ СТРУКТУРА,МИКРОСТРУКТУРА,МИКРОСТРУКТУРА,kept,
ФЕРРИТНО-БЕЙНИТНЫЕ СТАЛИ,ФЕРРИТНО-БЕЙНИТНЫЕ СТАЛИ,МАТЕРИАЛ,МАТЕРИАЛ,kept,
ФЕРРИТНО-БЕЙНИТНЫЙ КЛАСС,ФЕРРИТНО-БЕЙНИТНЫЙ КЛАСС,МИКРОСТРУКТУРА,МИКРОСТРУКТУРА,kept,
ФЕРРИТНО-КАРБИДНАЯ СМЕСЬ,ФЕРРИТНО-КАРБИДНАЯ СМЕСЬ,МИКРОСТРУКТУРА,МИКРОСТРУКТУРА,kept,
ФЕРРИТНО-МАРТЕНСИТНАЯ СТАЛЬ,ФЕРРИТНО-МАРТЕНСИТНАЯ СТАЛЬ,МАТЕРИАЛ,МАТЕРИАЛ,kept,
ФЕРРИТНО-ПЕРЛИТНАЯ,ФЕРРИТНО-ПЕРЛИТНАЯ,МИКРОСТРУКТУРА,МИКРОСТРУКТУРА,kept,
ФЕРРИТНО-ПЕРЛИТНАЯ СМЕСЬ,ФЕРРИТНО-ПЕРЛИТНАЯ СМЕСЬ,МИКРОСТРУКТУРА,МИКРОСТРУКТУРА,kept,
ФЕРРИТНО-ПЕРЛИТНАЯ СТАЛЬ,ФЕРРИТНО-ПЕРЛИТНАЯ СТАЛЬ,МАТЕРИАЛ,МАТЕРИАЛ,kept,
ФЕРРИТНО-ПЕРЛИТНАЯ СТРУКТУРА,ФЕРРИТНО-ПЕРЛИТНАЯ СТРУКТУРА,МИКРОСТРУКТУРА,МИКРОСТРУКТУРА,kept,
ФЕРРИТНО-ПЕРЛИТНЫЕ СТАЛИ,ФЕРРИТНО-ПЕРЛИТНЫЕ СТАЛИ,МАТЕРИАЛ,МАТЕРИАЛ,kept,
ФЕРРИТНО-ПЕРЛИТНЫЙ КЛАСС,ФЕРРИТНО-ПЕРЛИТНЫЙ КЛАСС,МИКРОСТРУКТУРА,МИКРОСТРУКТУРА,kept,
ФЕРРИТНОЕ ЗЕРНО,ФЕРРИТНОЕ ЗЕРНО,МИКРОСТРУКТУРА,МИКРОСТРУКТУРА,kept,
ФЕРРИТНОЕ ПРЕВРАЩЕНИЕ,ФЕРРИТНОЕ ПРЕВРАЩЕНИЕ,ТЕХНОЛОГИЧЕСКИЙ_ПРОЦЕСС,ТЕХНОЛОГИЧЕСКИЙ_ПРОЦЕСС,kept,
ФЕРРИТНЫЕ ЗЕРНА,ФЕРРИТНЫЕ ЗЕРНА,МИКРОСТРУКТУРА,МИКРОСТРУКТУРА,kept,
ФЕРРИТНЫЕ ЗОНЫ ПЕРЛИТА,ФЕРРИТНЫЕ ЗОНЫ ПЕРЛИТА,МИКРОСТРУКТУРА,МИКРОСТРУКТУРА,kept,
ФИЗИЧЕСКИЙ ПРЕДЕЛ ТЕКУЧЕСТИ,ФИЗИЧЕСКИЙ ПРЕДЕЛ ТЕКУЧЕСТИ,СВОЙСТВО,СВОЙСТВО,kept,
ФЛОКЕНЫ,ФЛОКЕНЫ,МИКРОСТРУКТУРА,МИКРОСТРУКТУРА,kept,
ФОРМУЕМОСТЬ,ФОРМУЕМОСТЬ,СВОЙСТВО,СВОЙСТВО,kept,
ФОРМУЛА РАСЧЕТА РАЗМЕРА ФЕРРИТНОГО ЗЕРНА,ФОРМУЛА РАСЧЕТА РАЗМЕРА ФЕРРИТНОГО ЗЕРНА,МИКРОСТРУКТУРА,МИКРОСТРУКТУРА,kept,
ФОСФОР,ФОСФОР,ХИМИЧЕСКИЙ_ЭЛЕМЕНТ,ХИМИЧЕСКИЙ_ЭЛЕМЕНТ,kept,
ФРАГМЕНТИРОВАННАЯ СТРУКТУРА,ФРАГМЕНТИРОВАННАЯ СТРУКТУРА,МИКРОСТРУКТУРА,МИКРОСТРУКТУРА,kept,
ХАРЦЫЗСКИЙ ТРУБНЫЙ ЗАВОД,ХАРЦЫЗСКИЙ ТРУБНЫЙ ЗАВОД,ОРГАНИЗАЦИЯ,ОРГАНИЗАЦИЯ,review,тип вне предметной области или конфликт типов
ХИМИЧЕСКИЙ СОСТАВ,ХИМИЧЕСКИЙ СОСТАВ,СВОЙСТВО,СВОЙСТВО,kept,
ХИМИЧЕСКИЙ СОСТАВ СТАЛИ,ХИМИЧЕСКИЙ СОСТАВ СТАЛИ,СВОЙСТВО,СВОЙСТВО,kept,
ХЛАДОСТОЙКОСТЬ,ХЛАДОСТОЙКОСТЬ,СВОЙСТВО,СВОЙСТВО,kept,
ХЛАДОСТОЙКОСТЬ МЕТАЛЛА,ХЛАДОСТОЙКОСТЬ МЕТАЛЛА,СВОЙСТВО,СВОЙСТВО,kept,
ХЛОДНЫЕ ТРЕЩИНЫ,ХЛОДНЫЕ ТРЕЩИНЫ,МИКРОСТРУКТУРА,МИКРОСТРУКТУРА,kept,
ХЛОРИДОВАНИЕ,ХЛОРИДОВАНИЕ,ТЕХНОЛОГИЧЕСКИЙ_ПРОЦЕСС,ТЕХНОЛОГИЧЕСКИЙ_ПРОЦЕСС,kept,
ХОЛАДОСТОЙКОСТЬ,ХОЛАДОСТОЙКОСТЬ,СВОЙСТВО,СВОЙСТВО,kept,
ХОЛОДНАЯ ФОРМОВКА,ХОЛОДНАЯ ФОРМОВКА,ТЕХНОЛОГИЧЕСКИЙ_ПРОЦЕСС,ТЕХНОЛОГИЧЕСКИЙ_ПРОЦЕСС,kept,
ХОЛОДНЫЕ ТРЕЩИНЫ,ХОЛОДНЫЕ ТРЕЩИНЫ,МИКРОСТРУКТУРА,МИКРОСТРУКТУРА,kept,
ХРОВОЙ АНГИРИД,ХРОВОЙ АНГИРИД,СОЕДИНЕНИЕ,СОЕДИНЕНИЕ,kept,
ХРОМ,ХРОМ,ХИМИЧЕСКИЙ_ЭЛЕМЕНТ,ХИМИЧЕСКИЙ_ЭЛЕМЕНТ,kept,
ХРОМЕЛЬ-АЛЮМЕЛЕВАЯ ТЕРМОПАРА,ХРОМЕЛЬ-АЛЮМЕЛЕВАЯ ТЕРМОПАРА,МАТЕРИАЛ,МАТЕРИАЛ,kept,
ХРОМОВЫЙ ЭЛЕМЕНТ,ХРОМОВЫЙ ЭЛЕМЕНТ,ХИМИЧЕСКИЙ_ЭЛЕМЕНТ,ХИМИЧЕСКИЙ_ЭЛЕМЕНТ,kept,
ХРУПКАЯ СТРУКТУРНАЯ СОСТАВЛЯЮЩАЯ,ХРУПКАЯ СТРУКТУРНАЯ СОСТАВЛЯЮЩАЯ,МИКРОСТРУКТУРА,МИКРОСТРУКТУРА,kept,
ХРУПКОЕ РАЗРУШЕНИЕ,ХРУПКОЕ РАЗРУШЕНИЕ,МИКРОСТРУКТУРА,МИКРОСТРУКТУРА,kept,
ЦЕМЕНТИТ,ЦЕМЕНТИТ,СОЕДИНЕНИЕ,СОЕДИНЕНИЕ,kept,
ЦЕМЕНТИТНЫЕ ПЛАСТИНКИ,ЦЕМЕНТИТНЫЕ ПЛАСТИНКИ,МИКРОСТРУКТУРА,МИКРОСТРУКТУРА,kept,
ЦЕНТРАЛЬНАЯ ЗОНА ЛИСТА,ЦЕНТРАЛЬНАЯ ЗОНА ЛИСТА,МИКРОСТРУКТУРА,МИКРОСТРУКТУРА,kept,
ЦЕНТРАЛЬНАЯ СЕГРЕГАЦИЯ ХИМИЧЕСКИХ ЭЛЕМЕНТОВ,ЦЕНТРАЛЬНАЯ СЕГРЕГАЦИЯ ХИМИЧЕСКИХ ЭЛЕМЕНТОВ,МИКРОСТРУКТУРА,МИКРОСТРУКТУРА,kept,
ЦЕТ,ЦЕТ,МАТЕРИАЛ,МАТЕРИАЛ,kept,
ЦИНК,ЦИНК,ХИМИЧЕСКИЙ_ЭЛЕМЕНТ,ХИМИЧЕСКИЙ_ЭЛЕМЕНТ,kept,
ЧАСТИЦЫ,ЧАСТИЦЫ,МИКРОСТРУКТУРА,МИКРОСТРУКТУРА,kept,
ЧАСТИЦЫ НИОБИЯ,ЧАСТИЦЫ НИОБИЯ,МИКРОСТРУКТУРА,МИКРОСТРУКТУРА,kept,
ЧАСТИЦЫ ФАЗЫ NBC,ЧАСТИЦЫ ФАЗЫ NBC,МИКРОСТРУКТУРА,МИКРОСТРУКТУРА,kept,
ЧИСТОВАЯ КЛЕТЬ,ЧИСТОВАЯ КЛЕТЬ,МИКРОСТРУКТУРА,МИКРОСТРУКТУРА,kept,
ШИРОКИЙ ДИАПАЗОН ТЕМПЕРАТУР,ШИРОКИЙ ДИАПАЗОН ТЕМПЕРАТУР,СВОЙСТВО,СВОЙСТВО,kept,
ШЛИФОВКА,ШЛИФОВКА,ТЕХНОЛОГИЧЕСКИЙ_ПРОЦЕСС,ТЕХНОЛОГИЧЕСКИЙ_ПРОЦЕСС,kept,
ШТАБЕЛЬ,ШТАБЕЛЬ,МИКРОСТРУКТУРА,МИКРОСТРУКТУРА,kept,
ЭКСПАНДИРОВАНИЕ,ЭКСПАНДИРОВАНИЕ,ТЕХНОЛОГИЧЕСКИЙ_ПРОЦЕСС,ТЕХНОЛОГИЧЕСКИЙ_ПРОЦЕСС,kept,
ЭЛЕКТРОСВАРНЫЕ ГАЗОПРОВОДНЫЕ ТРУБЫ БОЛЬШОГО ДИАМЕТРА КАТЕГОРИИ ПРОЧНОСТИ К65,ЭЛЕКТРОСВАРНЫЕ ГАЗОПРОВОДНЫЕ ТРУБЫ БОЛЬШОГО ДИАМЕТРА КАТЕГОРИИ ПРОЧНОСТИ К65,МАТЕРИАЛ,МАТЕРИАЛ,kept,
ЭЛЕКТРСВАРНЫЕ ГАЗОПРОВОДНЫЕ ТРУБЫ БОЛЬШОГО ДИАМЕТРА,ЭЛЕКТРСВАРНЫЕ ГАЗОПРОВОДНЫЕ ТРУБЫ БОЛЬШОГО ДИАМЕТРА,МАТЕРИАЛ,МАТЕРИАЛ,kept,
ЭЛЕКТРСВАРНЫЕ ПРЯМОШОВНЫЕ ТРУБЫ КАТЕГОРИИ ПРОЧНОСТИ К65,ЭЛЕКТРСВАРНЫЕ ПРЯМОШОВНЫЕ ТРУБЫ КАТЕГОРИИ ПРОЧНОСТИ К65,МАТЕРИАЛ,МАТЕРИАЛ,kept,
ЭТАЛОН,ЭТАЛОН,МАТЕРИАЛ,МАТЕРИАЛ,kept,
ЭФФЕКТ БАУШИНГЕРА,ЭФФЕКТ БАУШИНГЕРА,МИКРОСТРУКТУРА,МИКРОСТРУКТУРА,kept,
ЭФФЕКТИВНОСТЬ ДИСПЕРСИОННОГО ТВЕРЖДЕНИЯ,ЭФФЕКТИВНОСТЬ ДИСПЕРСИОННОГО ТВЕРЖДЕНИЯ,СВОЙСТВО,СВОЙСТВО,kept,
ЯМОЧНОЕ ТРАНСКРИСТАЛЛИТНОЕ РАЗРУШЕНИЕ,ЯМОЧНОЕ ТРАНСКРИСТАЛЛИТНОЕ РАЗРУШЕНИЕ,МИКРОСТРУКТУРА,МИКРОСТРУКТУРА,kept,
